2026-05-30 18:42:46  [INFO]  ============================================================
2026-05-30 18:42:46  [INFO]  TESLA EV BRAND SENTIMENT ETL PIPELINE - START
2026-05-30 18:42:46  [INFO]  Run timestamp: 2026-05-30T22:42:46.878921+00:00
2026-05-30 18:42:46  [INFO]  ============================================================
2026-05-30 18:42:46  [INFO]  Initializing API clients...
2026-05-30 18:42:48  [INFO]    NewsAPI client initialized
2026-05-30 18:42:48  [INFO]    Supabase engine initialized
2026-05-30 18:42:48  [ERROR]  PIPELINE FAILED: (psycopg2.OperationalError) could not translate host name "_d73L@db.ttntqvcomspvbkdumfvx.supabase.co" to address: nodename nor servname provided, or not known

(Background on this error at: https://sqlalche.me/e/20/e3q8)
2026-05-30 21:30:09  [INFO]  ============================================================
2026-05-30 21:30:10  [INFO]  TESLA EV BRAND SENTIMENT ETL PIPELINE - START
2026-05-30 21:30:10  [INFO]  Run timestamp: 2026-05-31T01:30:10.853977+00:00
2026-05-30 21:30:10  [INFO]  ============================================================
2026-05-30 21:30:10  [INFO]  Initializing API clients...
2026-05-30 21:30:10  [ERROR]  PIPELINE FAILED: invalid literal for int() with base 10: '.Tesla2026sentiment.ttntqvcomspvbkdumfvx.supabase.co:5432'
2026-05-30 22:02:53  [INFO]  ============================================================
2026-05-30 22:02:56  [INFO]  TESLA EV BRAND SENTIMENT ETL PIPELINE - START
2026-05-30 22:02:56  [INFO]  Run timestamp: 2026-05-31T02:02:56.419026+00:00
2026-05-30 22:02:56  [INFO]  ============================================================
2026-05-30 22:02:56  [INFO]  Initializing clients...
2026-05-30 22:02:56  [INFO]    NewsAPI client initialized
2026-05-30 22:02:56  [INFO]    Supabase engine initialized
2026-05-30 22:02:57  [INFO]    Supabase connection test: OK
2026-05-30 22:02:57  [INFO]  ============================================================
2026-05-30 22:02:57  [INFO]  STAGE 1: EXTRACTION
2026-05-30 22:02:57  [INFO]  ============================================================
2026-05-30 22:02:57  [INFO]  Fetching articles for brand: Tesla
2026-05-30 22:02:57  [INFO]    [Tesla electric car] -> 19 articles
2026-05-30 22:02:58  [INFO]    [Elon Musk] -> 18 articles
2026-05-30 22:02:58  [INFO]    [Tesla Model 3] -> 19 articles
2026-05-30 22:02:59  [INFO]    [Tesla Model Y] -> 19 articles
2026-05-30 22:02:59  [INFO]    [Tesla Cybertruck] -> 19 articles
2026-05-30 22:02:59  [INFO]  Fetching articles for brand: Hyundai
2026-05-30 22:02:59  [INFO]    [Hyundai Ioniq] -> 17 articles
2026-05-30 22:03:00  [INFO]    [Hyundai Ioniq 5] -> 18 articles
2026-05-30 22:03:00  [INFO]    [Hyundai EV] -> 19 articles
2026-05-30 22:03:00  [INFO]  Fetching articles for brand: Rivian
2026-05-30 22:03:00  [INFO]    [Rivian electric] -> 18 articles
2026-05-30 22:03:00  [INFO]    [Rivian R1T] -> 20 articles
2026-05-30 22:03:01  [INFO]    [Rivian R1S] -> 20 articles
2026-05-30 22:03:01  [INFO]  Fetching articles for brand: Ford EV
2026-05-30 22:03:01  [INFO]    [Ford Mustang Mach-E] -> 20 articles
2026-05-30 22:03:02  [INFO]    [Ford electric vehicle] -> 20 articles
2026-05-30 22:03:02  [INFO]  Fetching articles for brand: BYD
2026-05-30 22:03:02  [INFO]    [BYD electric car] -> 17 articles
2026-05-30 22:03:02  [INFO]    [BYD EV] -> 18 articles
2026-05-30 22:03:02  [INFO]  Extraction complete. Total raw articles: 281
2026-05-30 22:03:02  [INFO]  ============================================================
2026-05-30 22:03:02  [INFO]  STAGE 2: TRANSFORMATION & CLEANING
2026-05-30 22:03:02  [INFO]  ============================================================
2026-05-30 22:03:02  [INFO]  Transformation complete. Clean articles: 281
2026-05-30 22:03:02  [INFO]  ============================================================
2026-05-30 22:03:02  [INFO]  STAGE 3: DATA VALIDATION & QUALITY CHECKS
2026-05-30 22:03:02  [INFO]  ============================================================
2026-05-30 22:03:02  [INFO]    [PASS] Row count: 281 rows
2026-05-30 22:03:02  [INFO]    [PASS] Schema check: All required columns present
2026-05-30 22:03:02  [INFO]    [PASS] No nulls in article_id
2026-05-30 22:03:02  [INFO]    [PASS] No nulls in brand
2026-05-30 22:03:02  [INFO]    [PASS] No nulls in title
2026-05-30 22:03:02  [INFO]    [PASS] No nulls in url
2026-05-30 22:03:02  [INFO]    [PASS] No nulls in published_at
2026-05-30 22:03:02  [INFO]    [PASS] No nulls in sentiment_label
2026-05-30 22:03:02  [WARNING]    [WARN] 103 duplicate URLs - removing
2026-05-30 22:03:02  [INFO]    Deduplicated. Remaining rows: 178
2026-05-30 22:03:02  [INFO]    [PASS] No duplicate article_ids
2026-05-30 22:03:02  [INFO]    [PASS] All compound scores within [-1.0, 1.0]
2026-05-30 22:03:02  [INFO]    [PASS] All sentiment labels valid
2026-05-30 22:03:02  [INFO]    [PASS] All 5 brands present
2026-05-30 22:03:02  [INFO]    [INFO] Date range: 2026-05-01 to 2026-05-30
2026-05-30 22:03:02  [INFO]  Validation complete. ALL CHECKS PASSED
2026-05-30 22:03:02  [INFO]  Sentiment breakdown:
2026-05-30 22:03:02  [INFO]    positive: 88 (49.4%)
2026-05-30 22:03:02  [INFO]    negative: 53 (29.8%)
2026-05-30 22:03:02  [INFO]    neutral: 37 (20.8%)
2026-05-30 22:03:02  [INFO]  ============================================================
2026-05-30 22:03:02  [INFO]  STAGE 4: DATABASE LOADING (INCREMENTAL)
2026-05-30 22:03:02  [INFO]  ============================================================
2026-05-30 22:03:03  [INFO]    Table tesla_sentiment.articles confirmed
2026-05-30 22:03:03  [INFO]    Existing articles in DB: 0
2026-05-30 22:03:03  [INFO]    New articles to insert: 178
2026-05-30 22:03:03  [INFO]    Insert complete. Total rows in DB: 178
2026-05-30 22:03:03  [INFO]    New rows added this run: 178
2026-05-30 22:03:03  [INFO]  ============================================================
2026-05-30 22:03:03  [INFO]  STAGE 5: ANALYTICS PREPARATION
2026-05-30 22:03:03  [INFO]  ============================================================
2026-05-30 22:03:03  [INFO]    brand_sentiment_summary: 5 rows written
2026-05-30 22:03:03  [INFO]    daily_sentiment_trend: 49 rows written
2026-05-30 22:03:03  [INFO]    Brand Sentiment Summary:
2026-05-30 22:03:03  [INFO]      Rivian | articles=32 | avg_sentiment=0.1846 | positive=56.2%
2026-05-30 22:03:03  [INFO]      Ford EV | articles=29 | avg_sentiment=0.1547 | positive=44.8%
2026-05-30 22:03:03  [INFO]      BYD | articles=14 | avg_sentiment=0.1351 | positive=50.0%
2026-05-30 22:03:03  [INFO]      Tesla | articles=75 | avg_sentiment=0.0534 | positive=52.0%
2026-05-30 22:03:03  [INFO]      Hyundai | articles=28 | avg_sentiment=0.0529 | positive=39.3%
2026-05-30 22:03:03  [INFO]  ============================================================
2026-05-30 22:03:03  [INFO]  PIPELINE COMPLETE - 7s elapsed
2026-05-30 22:03:03  [INFO]  Total articles processed: 178
2026-05-30 22:03:03  [INFO]  ============================================================
2026-05-30 22:06:58  [INFO]  ============================================================
2026-05-30 22:06:58  [INFO]  TESLA EV BRAND SENTIMENT ETL PIPELINE - START
2026-05-30 22:06:58  [INFO]  Run timestamp: 2026-05-31T02:06:58.478963+00:00
2026-05-30 22:06:58  [INFO]  ============================================================
2026-05-30 22:06:58  [INFO]  Initializing clients...
2026-05-30 22:06:58  [INFO]    NewsAPI client initialized
2026-05-30 22:06:58  [INFO]    Supabase engine initialized
2026-05-30 22:06:59  [INFO]    Supabase connection test: OK
2026-05-30 22:06:59  [INFO]  ============================================================
2026-05-30 22:06:59  [INFO]  STAGE 1: EXTRACTION
2026-05-30 22:06:59  [INFO]  ============================================================
2026-05-30 22:06:59  [INFO]  Fetching articles for brand: Tesla
2026-05-30 22:06:59  [INFO]    [Tesla electric car] -> 95 articles
2026-05-30 22:07:00  [INFO]    [Elon Musk] -> 92 articles
2026-05-30 22:07:00  [INFO]    [Tesla Model 3] -> 97 articles
2026-05-30 22:07:01  [INFO]    [Tesla Model Y] -> 97 articles
2026-05-30 22:07:02  [INFO]    [Tesla Cybertruck] -> 94 articles
2026-05-30 22:07:02  [INFO]  Fetching articles for brand: Hyundai
2026-05-30 22:07:02  [INFO]    [Hyundai Ioniq] -> 95 articles
2026-05-30 22:07:03  [INFO]    [Hyundai Ioniq 5] -> 79 articles
2026-05-30 22:07:03  [INFO]    [Hyundai EV] -> 98 articles
2026-05-30 22:07:03  [INFO]  Fetching articles for brand: Rivian
2026-05-30 22:07:04  [INFO]    [Rivian electric] -> 94 articles
2026-05-30 22:07:04  [INFO]    [Rivian R1T] -> 23 articles
2026-05-30 22:07:04  [INFO]    [Rivian R1S] -> 27 articles
2026-05-30 22:07:04  [INFO]  Fetching articles for brand: Ford EV
2026-05-30 22:07:04  [INFO]    [Ford Mustang Mach-E] -> 22 articles
2026-05-30 22:07:05  [INFO]    [Ford electric vehicle] -> 98 articles
2026-05-30 22:07:05  [INFO]  Fetching articles for brand: BYD
2026-05-30 22:07:06  [INFO]    [BYD electric car] -> 91 articles
2026-05-30 22:07:06  [INFO]    [BYD EV] -> 96 articles
2026-05-30 22:07:06  [INFO]  Extraction complete. Total raw articles: 1198
2026-05-30 22:07:06  [INFO]  ============================================================
2026-05-30 22:07:06  [INFO]  STAGE 2: TRANSFORMATION & CLEANING
2026-05-30 22:07:06  [INFO]  ============================================================
2026-05-30 22:07:06  [INFO]  Transformation complete. Clean articles: 1198
2026-05-30 22:07:06  [INFO]  ============================================================
2026-05-30 22:07:06  [INFO]  STAGE 3: DATA VALIDATION & QUALITY CHECKS
2026-05-30 22:07:06  [INFO]  ============================================================
2026-05-30 22:07:06  [INFO]    [PASS] Row count: 1198 rows
2026-05-30 22:07:06  [INFO]    [PASS] Schema check: All required columns present
2026-05-30 22:07:06  [INFO]    [PASS] No nulls in article_id
2026-05-30 22:07:06  [INFO]    [PASS] No nulls in brand
2026-05-30 22:07:06  [INFO]    [PASS] No nulls in title
2026-05-30 22:07:06  [INFO]    [PASS] No nulls in url
2026-05-30 22:07:06  [INFO]    [PASS] No nulls in published_at
2026-05-30 22:07:06  [INFO]    [PASS] No nulls in sentiment_label
2026-05-30 22:07:06  [WARNING]    [WARN] 437 duplicate URLs - removing
2026-05-30 22:07:06  [INFO]    Deduplicated. Remaining rows: 761
2026-05-30 22:07:06  [INFO]    [PASS] No duplicate article_ids
2026-05-30 22:07:06  [INFO]    [PASS] All compound scores within [-1.0, 1.0]
2026-05-30 22:07:06  [INFO]    [PASS] All sentiment labels valid
2026-05-30 22:07:06  [INFO]    [PASS] All 5 brands present
2026-05-30 22:07:06  [INFO]    [INFO] Date range: 2026-04-30 to 2026-05-30
2026-05-30 22:07:06  [INFO]  Validation complete. ALL CHECKS PASSED
2026-05-30 22:07:06  [INFO]  Sentiment breakdown:
2026-05-30 22:07:06  [INFO]    positive: 384 (50.5%)
2026-05-30 22:07:06  [INFO]    negative: 234 (30.7%)
2026-05-30 22:07:06  [INFO]    neutral: 143 (18.8%)
2026-05-30 22:07:06  [INFO]  ============================================================
2026-05-30 22:07:06  [INFO]  STAGE 4: DATABASE LOADING (INCREMENTAL)
2026-05-30 22:07:06  [INFO]  ============================================================
2026-05-30 22:07:06  [INFO]    Table tesla_sentiment.articles confirmed
2026-05-30 22:07:07  [INFO]    Existing articles in DB: 178
2026-05-30 22:07:07  [INFO]    New articles to insert: 583
2026-05-30 22:07:07  [ERROR]    DATABASE ERROR: (psycopg2.errors.StringDataRightTruncation) value too long for type character varying(200)

[SQL: INSERT INTO tesla_sentiment.articles (article_id, brand, query_type, source, author, title, description, url, published_at, collected_at, compound, positive_score, negative_score, neutral_score, sentiment_label) VALUES (%(article_id_m0)s, %(brand_m0)s, %(query_type_m0)s, %(source_m0)s, %(author_m0)s, %(title_m0)s, %(description_m0)s, %(url_m0)s, %(published_at_m0)s, %(collected_at_m0)s, %(compound_m0)s, %(positive_score_m0)s, %(negative_score_m0)s, %(neutral_score_m0)s, %(sentiment_label_m0)s), (%(article_id_m1)s, %(brand_m1)s, %(query_type_m1)s, %(source_m1)s, %(author_m1)s, %(title_m1)s, %(description_m1)s, %(url_m1)s, %(published_at_m1)s, %(collected_at_m1)s, %(compound_m1)s, %(positive_score_m1)s, %(negative_score_m1)s, %(neutral_score_m1)s, %(sentiment_label_m1)s), (%(article_id_m2)s, %(brand_m2)s, %(query_type_m2)s, %(source_m2)s, %(author_m2)s, %(title_m2)s, %(description_m2)s, %(url_m2)s, %(published_at_m2)s, %(collected_at_m2)s, %(compound_m2)s, %(positive_score_m2)s, %(negative_score_m2)s, %(neutral_score_m2)s, %(sentiment_label_m2)s), (%(article_id_m3)s, %(brand_m3)s, %(query_type_m3)s, %(source_m3)s, %(author_m3)s, %(title_m3)s, %(description_m3)s, %(url_m3)s, %(published_at_m3)s, %(collected_at_m3)s, %(compound_m3)s, %(positive_score_m3)s, %(negative_score_m3)s, %(neutral_score_m3)s, %(sentiment_label_m3)s), (%(article_id_m4)s, %(brand_m4)s, %(query_type_m4)s, %(source_m4)s, %(author_m4)s, %(title_m4)s, %(description_m4)s, %(url_m4)s, %(published_at_m4)s, %(collected_at_m4)s, %(compound_m4)s, %(positive_score_m4)s, %(negative_score_m4)s, %(neutral_score_m4)s, %(sentiment_label_m4)s), (%(article_id_m5)s, %(brand_m5)s, %(query_type_m5)s, %(source_m5)s, %(author_m5)s, %(title_m5)s, %(description_m5)s, %(url_m5)s, %(published_at_m5)s, %(collected_at_m5)s, %(compound_m5)s, %(positive_score_m5)s, %(negative_score_m5)s, %(neutral_score_m5)s, %(sentiment_label_m5)s), (%(article_id_m6)s, %(brand_m6)s, %(query_type_m6)s, %(source_m6)s, %(author_m6)s, %(title_m6)s, %(description_m6)s, %(url_m6)s, %(published_at_m6)s, %(collected_at_m6)s, %(compound_m6)s, %(positive_score_m6)s, %(negative_score_m6)s, %(neutral_score_m6)s, %(sentiment_label_m6)s), (%(article_id_m7)s, %(brand_m7)s, %(query_type_m7)s, %(source_m7)s, %(author_m7)s, %(title_m7)s, %(description_m7)s, %(url_m7)s, %(published_at_m7)s, %(collected_at_m7)s, %(compound_m7)s, %(positive_score_m7)s, %(negative_score_m7)s, %(neutral_score_m7)s, %(sentiment_label_m7)s), (%(article_id_m8)s, %(brand_m8)s, %(query_type_m8)s, %(source_m8)s, %(author_m8)s, %(title_m8)s, %(description_m8)s, %(url_m8)s, %(published_at_m8)s, %(collected_at_m8)s, %(compound_m8)s, %(positive_score_m8)s, %(negative_score_m8)s, %(neutral_score_m8)s, %(sentiment_label_m8)s), (%(article_id_m9)s, %(brand_m9)s, %(query_type_m9)s, %(source_m9)s, %(author_m9)s, %(title_m9)s, %(description_m9)s, %(url_m9)s, %(published_at_m9)s, %(collected_at_m9)s, %(compound_m9)s, %(positive_score_m9)s, %(negative_score_m9)s, %(neutral_score_m9)s, %(sentiment_label_m9)s), (%(article_id_m10)s, %(brand_m10)s, %(query_type_m10)s, %(source_m10)s, %(author_m10)s, %(title_m10)s, %(description_m10)s, %(url_m10)s, %(published_at_m10)s, %(collected_at_m10)s, %(compound_m10)s, %(positive_score_m10)s, %(negative_score_m10)s, %(neutral_score_m10)s, %(sentiment_label_m10)s), (%(article_id_m11)s, %(brand_m11)s, %(query_type_m11)s, %(source_m11)s, %(author_m11)s, %(title_m11)s, %(description_m11)s, %(url_m11)s, %(published_at_m11)s, %(collected_at_m11)s, %(compound_m11)s, %(positive_score_m11)s, %(negative_score_m11)s, %(neutral_score_m11)s, %(sentiment_label_m11)s), (%(article_id_m12)s, %(brand_m12)s, %(query_type_m12)s, %(source_m12)s, %(author_m12)s, %(title_m12)s, %(description_m12)s, %(url_m12)s, %(published_at_m12)s, %(collected_at_m12)s, %(compound_m12)s, %(positive_score_m12)s, %(negative_score_m12)s, %(neutral_score_m12)s, %(sentiment_label_m12)s), (%(article_id_m13)s, %(brand_m13)s, %(query_type_m13)s, %(source_m13)s, %(author_m13)s, %(title_m13)s, %(description_m13)s, %(url_m13)s, %(published_at_m13)s, %(collected_at_m13)s, %(compound_m13)s, %(positive_score_m13)s, %(negative_score_m13)s, %(neutral_score_m13)s, %(sentiment_label_m13)s), (%(article_id_m14)s, %(brand_m14)s, %(query_type_m14)s, %(source_m14)s, %(author_m14)s, %(title_m14)s, %(description_m14)s, %(url_m14)s, %(published_at_m14)s, %(collected_at_m14)s, %(compound_m14)s, %(positive_score_m14)s, %(negative_score_m14)s, %(neutral_score_m14)s, %(sentiment_label_m14)s), (%(article_id_m15)s, %(brand_m15)s, %(query_type_m15)s, %(source_m15)s, %(author_m15)s, %(title_m15)s, %(description_m15)s, %(url_m15)s, %(published_at_m15)s, %(collected_at_m15)s, %(compound_m15)s, %(positive_score_m15)s, %(negative_score_m15)s, %(neutral_score_m15)s, %(sentiment_label_m15)s), (%(article_id_m16)s, %(brand_m16)s, %(query_type_m16)s, %(source_m16)s, %(author_m16)s, %(title_m16)s, %(description_m16)s, %(url_m16)s, %(published_at_m16)s, %(collected_at_m16)s, %(compound_m16)s, %(positive_score_m16)s, %(negative_score_m16)s, %(neutral_score_m16)s, %(sentiment_label_m16)s), (%(article_id_m17)s, %(brand_m17)s, %(query_type_m17)s, %(source_m17)s, %(author_m17)s, %(title_m17)s, %(description_m17)s, %(url_m17)s, %(published_at_m17)s, %(collected_at_m17)s, %(compound_m17)s, %(positive_score_m17)s, %(negative_score_m17)s, %(neutral_score_m17)s, %(sentiment_label_m17)s), (%(article_id_m18)s, %(brand_m18)s, %(query_type_m18)s, %(source_m18)s, %(author_m18)s, %(title_m18)s, %(description_m18)s, %(url_m18)s, %(published_at_m18)s, %(collected_at_m18)s, %(compound_m18)s, %(positive_score_m18)s, %(negative_score_m18)s, %(neutral_score_m18)s, %(sentiment_label_m18)s), (%(article_id_m19)s, %(brand_m19)s, %(query_type_m19)s, %(source_m19)s, %(author_m19)s, %(title_m19)s, %(description_m19)s, %(url_m19)s, %(published_at_m19)s, %(collected_at_m19)s, %(compound_m19)s, %(positive_score_m19)s, %(negative_score_m19)s, %(neutral_score_m19)s, %(sentiment_label_m19)s), (%(article_id_m20)s, %(brand_m20)s, %(query_type_m20)s, %(source_m20)s, %(author_m20)s, %(title_m20)s, %(description_m20)s, %(url_m20)s, %(published_at_m20)s, %(collected_at_m20)s, %(compound_m20)s, %(positive_score_m20)s, %(negative_score_m20)s, %(neutral_score_m20)s, %(sentiment_label_m20)s), (%(article_id_m21)s, %(brand_m21)s, %(query_type_m21)s, %(source_m21)s, %(author_m21)s, %(title_m21)s, %(description_m21)s, %(url_m21)s, %(published_at_m21)s, %(collected_at_m21)s, %(compound_m21)s, %(positive_score_m21)s, %(negative_score_m21)s, %(neutral_score_m21)s, %(sentiment_label_m21)s), (%(article_id_m22)s, %(brand_m22)s, %(query_type_m22)s, %(source_m22)s, %(author_m22)s, %(title_m22)s, %(description_m22)s, %(url_m22)s, %(published_at_m22)s, %(collected_at_m22)s, %(compound_m22)s, %(positive_score_m22)s, %(negative_score_m22)s, %(neutral_score_m22)s, %(sentiment_label_m22)s), (%(article_id_m23)s, %(brand_m23)s, %(query_type_m23)s, %(source_m23)s, %(author_m23)s, %(title_m23)s, %(description_m23)s, %(url_m23)s, %(published_at_m23)s, %(collected_at_m23)s, %(compound_m23)s, %(positive_score_m23)s, %(negative_score_m23)s, %(neutral_score_m23)s, %(sentiment_label_m23)s), (%(article_id_m24)s, %(brand_m24)s, %(query_type_m24)s, %(source_m24)s, %(author_m24)s, %(title_m24)s, %(description_m24)s, %(url_m24)s, %(published_at_m24)s, %(collected_at_m24)s, %(compound_m24)s, %(positive_score_m24)s, %(negative_score_m24)s, %(neutral_score_m24)s, %(sentiment_label_m24)s), (%(article_id_m25)s, %(brand_m25)s, %(query_type_m25)s, %(source_m25)s, %(author_m25)s, %(title_m25)s, %(description_m25)s, %(url_m25)s, %(published_at_m25)s, %(collected_at_m25)s, %(compound_m25)s, %(positive_score_m25)s, %(negative_score_m25)s, %(neutral_score_m25)s, %(sentiment_label_m25)s), (%(article_id_m26)s, %(brand_m26)s, %(query_type_m26)s, %(source_m26)s, %(author_m26)s, %(title_m26)s, %(description_m26)s, %(url_m26)s, %(published_at_m26)s, %(collected_at_m26)s, %(compound_m26)s, %(positive_score_m26)s, %(negative_score_m26)s, %(neutral_score_m26)s, %(sentiment_label_m26)s), (%(article_id_m27)s, %(brand_m27)s, %(query_type_m27)s, %(source_m27)s, %(author_m27)s, %(title_m27)s, %(description_m27)s, %(url_m27)s, %(published_at_m27)s, %(collected_at_m27)s, %(compound_m27)s, %(positive_score_m27)s, %(negative_score_m27)s, %(neutral_score_m27)s, %(sentiment_label_m27)s), (%(article_id_m28)s, %(brand_m28)s, %(query_type_m28)s, %(source_m28)s, %(author_m28)s, %(title_m28)s, %(description_m28)s, %(url_m28)s, %(published_at_m28)s, %(collected_at_m28)s, %(compound_m28)s, %(positive_score_m28)s, %(negative_score_m28)s, %(neutral_score_m28)s, %(sentiment_label_m28)s), (%(article_id_m29)s, %(brand_m29)s, %(query_type_m29)s, %(source_m29)s, %(author_m29)s, %(title_m29)s, %(description_m29)s, %(url_m29)s, %(published_at_m29)s, %(collected_at_m29)s, %(compound_m29)s, %(positive_score_m29)s, %(negative_score_m29)s, %(neutral_score_m29)s, %(sentiment_label_m29)s), (%(article_id_m30)s, %(brand_m30)s, %(query_type_m30)s, %(source_m30)s, %(author_m30)s, %(title_m30)s, %(description_m30)s, %(url_m30)s, %(published_at_m30)s, %(collected_at_m30)s, %(compound_m30)s, %(positive_score_m30)s, %(negative_score_m30)s, %(neutral_score_m30)s, %(sentiment_label_m30)s), (%(article_id_m31)s, %(brand_m31)s, %(query_type_m31)s, %(source_m31)s, %(author_m31)s, %(title_m31)s, %(description_m31)s, %(url_m31)s, %(published_at_m31)s, %(collected_at_m31)s, %(compound_m31)s, %(positive_score_m31)s, %(negative_score_m31)s, %(neutral_score_m31)s, %(sentiment_label_m31)s), (%(article_id_m32)s, %(brand_m32)s, %(query_type_m32)s, %(source_m32)s, %(author_m32)s, %(title_m32)s, %(description_m32)s, %(url_m32)s, %(published_at_m32)s, %(collected_at_m32)s, %(compound_m32)s, %(positive_score_m32)s, %(negative_score_m32)s, %(neutral_score_m32)s, %(sentiment_label_m32)s), (%(article_id_m33)s, %(brand_m33)s, %(query_type_m33)s, %(source_m33)s, %(author_m33)s, %(title_m33)s, %(description_m33)s, %(url_m33)s, %(published_at_m33)s, %(collected_at_m33)s, %(compound_m33)s, %(positive_score_m33)s, %(negative_score_m33)s, %(neutral_score_m33)s, %(sentiment_label_m33)s), (%(article_id_m34)s, %(brand_m34)s, %(query_type_m34)s, %(source_m34)s, %(author_m34)s, %(title_m34)s, %(description_m34)s, %(url_m34)s, %(published_at_m34)s, %(collected_at_m34)s, %(compound_m34)s, %(positive_score_m34)s, %(negative_score_m34)s, %(neutral_score_m34)s, %(sentiment_label_m34)s), (%(article_id_m35)s, %(brand_m35)s, %(query_type_m35)s, %(source_m35)s, %(author_m35)s, %(title_m35)s, %(description_m35)s, %(url_m35)s, %(published_at_m35)s, %(collected_at_m35)s, %(compound_m35)s, %(positive_score_m35)s, %(negative_score_m35)s, %(neutral_score_m35)s, %(sentiment_label_m35)s), (%(article_id_m36)s, %(brand_m36)s, %(query_type_m36)s, %(source_m36)s, %(author_m36)s, %(title_m36)s, %(description_m36)s, %(url_m36)s, %(published_at_m36)s, %(collected_at_m36)s, %(compound_m36)s, %(positive_score_m36)s, %(negative_score_m36)s, %(neutral_score_m36)s, %(sentiment_label_m36)s), (%(article_id_m37)s, %(brand_m37)s, %(query_type_m37)s, %(source_m37)s, %(author_m37)s, %(title_m37)s, %(description_m37)s, %(url_m37)s, %(published_at_m37)s, %(collected_at_m37)s, %(compound_m37)s, %(positive_score_m37)s, %(negative_score_m37)s, %(neutral_score_m37)s, %(sentiment_label_m37)s), (%(article_id_m38)s, %(brand_m38)s, %(query_type_m38)s, %(source_m38)s, %(author_m38)s, %(title_m38)s, %(description_m38)s, %(url_m38)s, %(published_at_m38)s, %(collected_at_m38)s, %(compound_m38)s, %(positive_score_m38)s, %(negative_score_m38)s, %(neutral_score_m38)s, %(sentiment_label_m38)s), (%(article_id_m39)s, %(brand_m39)s, %(query_type_m39)s, %(source_m39)s, %(author_m39)s, %(title_m39)s, %(description_m39)s, %(url_m39)s, %(published_at_m39)s, %(collected_at_m39)s, %(compound_m39)s, %(positive_score_m39)s, %(negative_score_m39)s, %(neutral_score_m39)s, %(sentiment_label_m39)s), (%(article_id_m40)s, %(brand_m40)s, %(query_type_m40)s, %(source_m40)s, %(author_m40)s, %(title_m40)s, %(description_m40)s, %(url_m40)s, %(published_at_m40)s, %(collected_at_m40)s, %(compound_m40)s, %(positive_score_m40)s, %(negative_score_m40)s, %(neutral_score_m40)s, %(sentiment_label_m40)s), (%(article_id_m41)s, %(brand_m41)s, %(query_type_m41)s, %(source_m41)s, %(author_m41)s, %(title_m41)s, %(description_m41)s, %(url_m41)s, %(published_at_m41)s, %(collected_at_m41)s, %(compound_m41)s, %(positive_score_m41)s, %(negative_score_m41)s, %(neutral_score_m41)s, %(sentiment_label_m41)s), (%(article_id_m42)s, %(brand_m42)s, %(query_type_m42)s, %(source_m42)s, %(author_m42)s, %(title_m42)s, %(description_m42)s, %(url_m42)s, %(published_at_m42)s, %(collected_at_m42)s, %(compound_m42)s, %(positive_score_m42)s, %(negative_score_m42)s, %(neutral_score_m42)s, %(sentiment_label_m42)s), (%(article_id_m43)s, %(brand_m43)s, %(query_type_m43)s, %(source_m43)s, %(author_m43)s, %(title_m43)s, %(description_m43)s, %(url_m43)s, %(published_at_m43)s, %(collected_at_m43)s, %(compound_m43)s, %(positive_score_m43)s, %(negative_score_m43)s, %(neutral_score_m43)s, %(sentiment_label_m43)s), (%(article_id_m44)s, %(brand_m44)s, %(query_type_m44)s, %(source_m44)s, %(author_m44)s, %(title_m44)s, %(description_m44)s, %(url_m44)s, %(published_at_m44)s, %(collected_at_m44)s, %(compound_m44)s, %(positive_score_m44)s, %(negative_score_m44)s, %(neutral_score_m44)s, %(sentiment_label_m44)s), (%(article_id_m45)s, %(brand_m45)s, %(query_type_m45)s, %(source_m45)s, %(author_m45)s, %(title_m45)s, %(description_m45)s, %(url_m45)s, %(published_at_m45)s, %(collected_at_m45)s, %(compound_m45)s, %(positive_score_m45)s, %(negative_score_m45)s, %(neutral_score_m45)s, %(sentiment_label_m45)s), (%(article_id_m46)s, %(brand_m46)s, %(query_type_m46)s, %(source_m46)s, %(author_m46)s, %(title_m46)s, %(description_m46)s, %(url_m46)s, %(published_at_m46)s, %(collected_at_m46)s, %(compound_m46)s, %(positive_score_m46)s, %(negative_score_m46)s, %(neutral_score_m46)s, %(sentiment_label_m46)s), (%(article_id_m47)s, %(brand_m47)s, %(query_type_m47)s, %(source_m47)s, %(author_m47)s, %(title_m47)s, %(description_m47)s, %(url_m47)s, %(published_at_m47)s, %(collected_at_m47)s, %(compound_m47)s, %(positive_score_m47)s, %(negative_score_m47)s, %(neutral_score_m47)s, %(sentiment_label_m47)s), (%(article_id_m48)s, %(brand_m48)s, %(query_type_m48)s, %(source_m48)s, %(author_m48)s, %(title_m48)s, %(description_m48)s, %(url_m48)s, %(published_at_m48)s, %(collected_at_m48)s, %(compound_m48)s, %(positive_score_m48)s, %(negative_score_m48)s, %(neutral_score_m48)s, %(sentiment_label_m48)s), (%(article_id_m49)s, %(brand_m49)s, %(query_type_m49)s, %(source_m49)s, %(author_m49)s, %(title_m49)s, %(description_m49)s, %(url_m49)s, %(published_at_m49)s, %(collected_at_m49)s, %(compound_m49)s, %(positive_score_m49)s, %(negative_score_m49)s, %(neutral_score_m49)s, %(sentiment_label_m49)s), (%(article_id_m50)s, %(brand_m50)s, %(query_type_m50)s, %(source_m50)s, %(author_m50)s, %(title_m50)s, %(description_m50)s, %(url_m50)s, %(published_at_m50)s, %(collected_at_m50)s, %(compound_m50)s, %(positive_score_m50)s, %(negative_score_m50)s, %(neutral_score_m50)s, %(sentiment_label_m50)s), (%(article_id_m51)s, %(brand_m51)s, %(query_type_m51)s, %(source_m51)s, %(author_m51)s, %(title_m51)s, %(description_m51)s, %(url_m51)s, %(published_at_m51)s, %(collected_at_m51)s, %(compound_m51)s, %(positive_score_m51)s, %(negative_score_m51)s, %(neutral_score_m51)s, %(sentiment_label_m51)s), (%(article_id_m52)s, %(brand_m52)s, %(query_type_m52)s, %(source_m52)s, %(author_m52)s, %(title_m52)s, %(description_m52)s, %(url_m52)s, %(published_at_m52)s, %(collected_at_m52)s, %(compound_m52)s, %(positive_score_m52)s, %(negative_score_m52)s, %(neutral_score_m52)s, %(sentiment_label_m52)s), (%(article_id_m53)s, %(brand_m53)s, %(query_type_m53)s, %(source_m53)s, %(author_m53)s, %(title_m53)s, %(description_m53)s, %(url_m53)s, %(published_at_m53)s, %(collected_at_m53)s, %(compound_m53)s, %(positive_score_m53)s, %(negative_score_m53)s, %(neutral_score_m53)s, %(sentiment_label_m53)s), (%(article_id_m54)s, %(brand_m54)s, %(query_type_m54)s, %(source_m54)s, %(author_m54)s, %(title_m54)s, %(description_m54)s, %(url_m54)s, %(published_at_m54)s, %(collected_at_m54)s, %(compound_m54)s, %(positive_score_m54)s, %(negative_score_m54)s, %(neutral_score_m54)s, %(sentiment_label_m54)s), (%(article_id_m55)s, %(brand_m55)s, %(query_type_m55)s, %(source_m55)s, %(author_m55)s, %(title_m55)s, %(description_m55)s, %(url_m55)s, %(published_at_m55)s, %(collected_at_m55)s, %(compound_m55)s, %(positive_score_m55)s, %(negative_score_m55)s, %(neutral_score_m55)s, %(sentiment_label_m55)s), (%(article_id_m56)s, %(brand_m56)s, %(query_type_m56)s, %(source_m56)s, %(author_m56)s, %(title_m56)s, %(description_m56)s, %(url_m56)s, %(published_at_m56)s, %(collected_at_m56)s, %(compound_m56)s, %(positive_score_m56)s, %(negative_score_m56)s, %(neutral_score_m56)s, %(sentiment_label_m56)s), (%(article_id_m57)s, %(brand_m57)s, %(query_type_m57)s, %(source_m57)s, %(author_m57)s, %(title_m57)s, %(description_m57)s, %(url_m57)s, %(published_at_m57)s, %(collected_at_m57)s, %(compound_m57)s, %(positive_score_m57)s, %(negative_score_m57)s, %(neutral_score_m57)s, %(sentiment_label_m57)s), (%(article_id_m58)s, %(brand_m58)s, %(query_type_m58)s, %(source_m58)s, %(author_m58)s, %(title_m58)s, %(description_m58)s, %(url_m58)s, %(published_at_m58)s, %(collected_at_m58)s, %(compound_m58)s, %(positive_score_m58)s, %(negative_score_m58)s, %(neutral_score_m58)s, %(sentiment_label_m58)s), (%(article_id_m59)s, %(brand_m59)s, %(query_type_m59)s, %(source_m59)s, %(author_m59)s, %(title_m59)s, %(description_m59)s, %(url_m59)s, %(published_at_m59)s, %(collected_at_m59)s, %(compound_m59)s, %(positive_score_m59)s, %(negative_score_m59)s, %(neutral_score_m59)s, %(sentiment_label_m59)s), (%(article_id_m60)s, %(brand_m60)s, %(query_type_m60)s, %(source_m60)s, %(author_m60)s, %(title_m60)s, %(description_m60)s, %(url_m60)s, %(published_at_m60)s, %(collected_at_m60)s, %(compound_m60)s, %(positive_score_m60)s, %(negative_score_m60)s, %(neutral_score_m60)s, %(sentiment_label_m60)s), (%(article_id_m61)s, %(brand_m61)s, %(query_type_m61)s, %(source_m61)s, %(author_m61)s, %(title_m61)s, %(description_m61)s, %(url_m61)s, %(published_at_m61)s, %(collected_at_m61)s, %(compound_m61)s, %(positive_score_m61)s, %(negative_score_m61)s, %(neutral_score_m61)s, %(sentiment_label_m61)s), (%(article_id_m62)s, %(brand_m62)s, %(query_type_m62)s, %(source_m62)s, %(author_m62)s, %(title_m62)s, %(description_m62)s, %(url_m62)s, %(published_at_m62)s, %(collected_at_m62)s, %(compound_m62)s, %(positive_score_m62)s, %(negative_score_m62)s, %(neutral_score_m62)s, %(sentiment_label_m62)s), (%(article_id_m63)s, %(brand_m63)s, %(query_type_m63)s, %(source_m63)s, %(author_m63)s, %(title_m63)s, %(description_m63)s, %(url_m63)s, %(published_at_m63)s, %(collected_at_m63)s, %(compound_m63)s, %(positive_score_m63)s, %(negative_score_m63)s, %(neutral_score_m63)s, %(sentiment_label_m63)s), (%(article_id_m64)s, %(brand_m64)s, %(query_type_m64)s, %(source_m64)s, %(author_m64)s, %(title_m64)s, %(description_m64)s, %(url_m64)s, %(published_at_m64)s, %(collected_at_m64)s, %(compound_m64)s, %(positive_score_m64)s, %(negative_score_m64)s, %(neutral_score_m64)s, %(sentiment_label_m64)s), (%(article_id_m65)s, %(brand_m65)s, %(query_type_m65)s, %(source_m65)s, %(author_m65)s, %(title_m65)s, %(description_m65)s, %(url_m65)s, %(published_at_m65)s, %(collected_at_m65)s, %(compound_m65)s, %(positive_score_m65)s, %(negative_score_m65)s, %(neutral_score_m65)s, %(sentiment_label_m65)s), (%(article_id_m66)s, %(brand_m66)s, %(query_type_m66)s, %(source_m66)s, %(author_m66)s, %(title_m66)s, %(description_m66)s, %(url_m66)s, %(published_at_m66)s, %(collected_at_m66)s, %(compound_m66)s, %(positive_score_m66)s, %(negative_score_m66)s, %(neutral_score_m66)s, %(sentiment_label_m66)s), (%(article_id_m67)s, %(brand_m67)s, %(query_type_m67)s, %(source_m67)s, %(author_m67)s, %(title_m67)s, %(description_m67)s, %(url_m67)s, %(published_at_m67)s, %(collected_at_m67)s, %(compound_m67)s, %(positive_score_m67)s, %(negative_score_m67)s, %(neutral_score_m67)s, %(sentiment_label_m67)s), (%(article_id_m68)s, %(brand_m68)s, %(query_type_m68)s, %(source_m68)s, %(author_m68)s, %(title_m68)s, %(description_m68)s, %(url_m68)s, %(published_at_m68)s, %(collected_at_m68)s, %(compound_m68)s, %(positive_score_m68)s, %(negative_score_m68)s, %(neutral_score_m68)s, %(sentiment_label_m68)s), (%(article_id_m69)s, %(brand_m69)s, %(query_type_m69)s, %(source_m69)s, %(author_m69)s, %(title_m69)s, %(description_m69)s, %(url_m69)s, %(published_at_m69)s, %(collected_at_m69)s, %(compound_m69)s, %(positive_score_m69)s, %(negative_score_m69)s, %(neutral_score_m69)s, %(sentiment_label_m69)s), (%(article_id_m70)s, %(brand_m70)s, %(query_type_m70)s, %(source_m70)s, %(author_m70)s, %(title_m70)s, %(description_m70)s, %(url_m70)s, %(published_at_m70)s, %(collected_at_m70)s, %(compound_m70)s, %(positive_score_m70)s, %(negative_score_m70)s, %(neutral_score_m70)s, %(sentiment_label_m70)s), (%(article_id_m71)s, %(brand_m71)s, %(query_type_m71)s, %(source_m71)s, %(author_m71)s, %(title_m71)s, %(description_m71)s, %(url_m71)s, %(published_at_m71)s, %(collected_at_m71)s, %(compound_m71)s, %(positive_score_m71)s, %(negative_score_m71)s, %(neutral_score_m71)s, %(sentiment_label_m71)s), (%(article_id_m72)s, %(brand_m72)s, %(query_type_m72)s, %(source_m72)s, %(author_m72)s, %(title_m72)s, %(description_m72)s, %(url_m72)s, %(published_at_m72)s, %(collected_at_m72)s, %(compound_m72)s, %(positive_score_m72)s, %(negative_score_m72)s, %(neutral_score_m72)s, %(sentiment_label_m72)s), (%(article_id_m73)s, %(brand_m73)s, %(query_type_m73)s, %(source_m73)s, %(author_m73)s, %(title_m73)s, %(description_m73)s, %(url_m73)s, %(published_at_m73)s, %(collected_at_m73)s, %(compound_m73)s, %(positive_score_m73)s, %(negative_score_m73)s, %(neutral_score_m73)s, %(sentiment_label_m73)s), (%(article_id_m74)s, %(brand_m74)s, %(query_type_m74)s, %(source_m74)s, %(author_m74)s, %(title_m74)s, %(description_m74)s, %(url_m74)s, %(published_at_m74)s, %(collected_at_m74)s, %(compound_m74)s, %(positive_score_m74)s, %(negative_score_m74)s, %(neutral_score_m74)s, %(sentiment_label_m74)s), (%(article_id_m75)s, %(brand_m75)s, %(query_type_m75)s, %(source_m75)s, %(author_m75)s, %(title_m75)s, %(description_m75)s, %(url_m75)s, %(published_at_m75)s, %(collected_at_m75)s, %(compound_m75)s, %(positive_score_m75)s, %(negative_score_m75)s, %(neutral_score_m75)s, %(sentiment_label_m75)s), (%(article_id_m76)s, %(brand_m76)s, %(query_type_m76)s, %(source_m76)s, %(author_m76)s, %(title_m76)s, %(description_m76)s, %(url_m76)s, %(published_at_m76)s, %(collected_at_m76)s, %(compound_m76)s, %(positive_score_m76)s, %(negative_score_m76)s, %(neutral_score_m76)s, %(sentiment_label_m76)s), (%(article_id_m77)s, %(brand_m77)s, %(query_type_m77)s, %(source_m77)s, %(author_m77)s, %(title_m77)s, %(description_m77)s, %(url_m77)s, %(published_at_m77)s, %(collected_at_m77)s, %(compound_m77)s, %(positive_score_m77)s, %(negative_score_m77)s, %(neutral_score_m77)s, %(sentiment_label_m77)s), (%(article_id_m78)s, %(brand_m78)s, %(query_type_m78)s, %(source_m78)s, %(author_m78)s, %(title_m78)s, %(description_m78)s, %(url_m78)s, %(published_at_m78)s, %(collected_at_m78)s, %(compound_m78)s, %(positive_score_m78)s, %(negative_score_m78)s, %(neutral_score_m78)s, %(sentiment_label_m78)s), (%(article_id_m79)s, %(brand_m79)s, %(query_type_m79)s, %(source_m79)s, %(author_m79)s, %(title_m79)s, %(description_m79)s, %(url_m79)s, %(published_at_m79)s, %(collected_at_m79)s, %(compound_m79)s, %(positive_score_m79)s, %(negative_score_m79)s, %(neutral_score_m79)s, %(sentiment_label_m79)s), (%(article_id_m80)s, %(brand_m80)s, %(query_type_m80)s, %(source_m80)s, %(author_m80)s, %(title_m80)s, %(description_m80)s, %(url_m80)s, %(published_at_m80)s, %(collected_at_m80)s, %(compound_m80)s, %(positive_score_m80)s, %(negative_score_m80)s, %(neutral_score_m80)s, %(sentiment_label_m80)s), (%(article_id_m81)s, %(brand_m81)s, %(query_type_m81)s, %(source_m81)s, %(author_m81)s, %(title_m81)s, %(description_m81)s, %(url_m81)s, %(published_at_m81)s, %(collected_at_m81)s, %(compound_m81)s, %(positive_score_m81)s, %(negative_score_m81)s, %(neutral_score_m81)s, %(sentiment_label_m81)s), (%(article_id_m82)s, %(brand_m82)s, %(query_type_m82)s, %(source_m82)s, %(author_m82)s, %(title_m82)s, %(description_m82)s, %(url_m82)s, %(published_at_m82)s, %(collected_at_m82)s, %(compound_m82)s, %(positive_score_m82)s, %(negative_score_m82)s, %(neutral_score_m82)s, %(sentiment_label_m82)s), (%(article_id_m83)s, %(brand_m83)s, %(query_type_m83)s, %(source_m83)s, %(author_m83)s, %(title_m83)s, %(description_m83)s, %(url_m83)s, %(published_at_m83)s, %(collected_at_m83)s, %(compound_m83)s, %(positive_score_m83)s, %(negative_score_m83)s, %(neutral_score_m83)s, %(sentiment_label_m83)s), (%(article_id_m84)s, %(brand_m84)s, %(query_type_m84)s, %(source_m84)s, %(author_m84)s, %(title_m84)s, %(description_m84)s, %(url_m84)s, %(published_at_m84)s, %(collected_at_m84)s, %(compound_m84)s, %(positive_score_m84)s, %(negative_score_m84)s, %(neutral_score_m84)s, %(sentiment_label_m84)s), (%(article_id_m85)s, %(brand_m85)s, %(query_type_m85)s, %(source_m85)s, %(author_m85)s, %(title_m85)s, %(description_m85)s, %(url_m85)s, %(published_at_m85)s, %(collected_at_m85)s, %(compound_m85)s, %(positive_score_m85)s, %(negative_score_m85)s, %(neutral_score_m85)s, %(sentiment_label_m85)s), (%(article_id_m86)s, %(brand_m86)s, %(query_type_m86)s, %(source_m86)s, %(author_m86)s, %(title_m86)s, %(description_m86)s, %(url_m86)s, %(published_at_m86)s, %(collected_at_m86)s, %(compound_m86)s, %(positive_score_m86)s, %(negative_score_m86)s, %(neutral_score_m86)s, %(sentiment_label_m86)s), (%(article_id_m87)s, %(brand_m87)s, %(query_type_m87)s, %(source_m87)s, %(author_m87)s, %(title_m87)s, %(description_m87)s, %(url_m87)s, %(published_at_m87)s, %(collected_at_m87)s, %(compound_m87)s, %(positive_score_m87)s, %(negative_score_m87)s, %(neutral_score_m87)s, %(sentiment_label_m87)s), (%(article_id_m88)s, %(brand_m88)s, %(query_type_m88)s, %(source_m88)s, %(author_m88)s, %(title_m88)s, %(description_m88)s, %(url_m88)s, %(published_at_m88)s, %(collected_at_m88)s, %(compound_m88)s, %(positive_score_m88)s, %(negative_score_m88)s, %(neutral_score_m88)s, %(sentiment_label_m88)s), (%(article_id_m89)s, %(brand_m89)s, %(query_type_m89)s, %(source_m89)s, %(author_m89)s, %(title_m89)s, %(description_m89)s, %(url_m89)s, %(published_at_m89)s, %(collected_at_m89)s, %(compound_m89)s, %(positive_score_m89)s, %(negative_score_m89)s, %(neutral_score_m89)s, %(sentiment_label_m89)s), (%(article_id_m90)s, %(brand_m90)s, %(query_type_m90)s, %(source_m90)s, %(author_m90)s, %(title_m90)s, %(description_m90)s, %(url_m90)s, %(published_at_m90)s, %(collected_at_m90)s, %(compound_m90)s, %(positive_score_m90)s, %(negative_score_m90)s, %(neutral_score_m90)s, %(sentiment_label_m90)s), (%(article_id_m91)s, %(brand_m91)s, %(query_type_m91)s, %(source_m91)s, %(author_m91)s, %(title_m91)s, %(description_m91)s, %(url_m91)s, %(published_at_m91)s, %(collected_at_m91)s, %(compound_m91)s, %(positive_score_m91)s, %(negative_score_m91)s, %(neutral_score_m91)s, %(sentiment_label_m91)s), (%(article_id_m92)s, %(brand_m92)s, %(query_type_m92)s, %(source_m92)s, %(author_m92)s, %(title_m92)s, %(description_m92)s, %(url_m92)s, %(published_at_m92)s, %(collected_at_m92)s, %(compound_m92)s, %(positive_score_m92)s, %(negative_score_m92)s, %(neutral_score_m92)s, %(sentiment_label_m92)s), (%(article_id_m93)s, %(brand_m93)s, %(query_type_m93)s, %(source_m93)s, %(author_m93)s, %(title_m93)s, %(description_m93)s, %(url_m93)s, %(published_at_m93)s, %(collected_at_m93)s, %(compound_m93)s, %(positive_score_m93)s, %(negative_score_m93)s, %(neutral_score_m93)s, %(sentiment_label_m93)s), (%(article_id_m94)s, %(brand_m94)s, %(query_type_m94)s, %(source_m94)s, %(author_m94)s, %(title_m94)s, %(description_m94)s, %(url_m94)s, %(published_at_m94)s, %(collected_at_m94)s, %(compound_m94)s, %(positive_score_m94)s, %(negative_score_m94)s, %(neutral_score_m94)s, %(sentiment_label_m94)s), (%(article_id_m95)s, %(brand_m95)s, %(query_type_m95)s, %(source_m95)s, %(author_m95)s, %(title_m95)s, %(description_m95)s, %(url_m95)s, %(published_at_m95)s, %(collected_at_m95)s, %(compound_m95)s, %(positive_score_m95)s, %(negative_score_m95)s, %(neutral_score_m95)s, %(sentiment_label_m95)s), (%(article_id_m96)s, %(brand_m96)s, %(query_type_m96)s, %(source_m96)s, %(author_m96)s, %(title_m96)s, %(description_m96)s, %(url_m96)s, %(published_at_m96)s, %(collected_at_m96)s, %(compound_m96)s, %(positive_score_m96)s, %(negative_score_m96)s, %(neutral_score_m96)s, %(sentiment_label_m96)s), (%(article_id_m97)s, %(brand_m97)s, %(query_type_m97)s, %(source_m97)s, %(author_m97)s, %(title_m97)s, %(description_m97)s, %(url_m97)s, %(published_at_m97)s, %(collected_at_m97)s, %(compound_m97)s, %(positive_score_m97)s, %(negative_score_m97)s, %(neutral_score_m97)s, %(sentiment_label_m97)s), (%(article_id_m98)s, %(brand_m98)s, %(query_type_m98)s, %(source_m98)s, %(author_m98)s, %(title_m98)s, %(description_m98)s, %(url_m98)s, %(published_at_m98)s, %(collected_at_m98)s, %(compound_m98)s, %(positive_score_m98)s, %(negative_score_m98)s, %(neutral_score_m98)s, %(sentiment_label_m98)s), (%(article_id_m99)s, %(brand_m99)s, %(query_type_m99)s, %(source_m99)s, %(author_m99)s, %(title_m99)s, %(description_m99)s, %(url_m99)s, %(published_at_m99)s, %(collected_at_m99)s, %(compound_m99)s, %(positive_score_m99)s, %(negative_score_m99)s, %(neutral_score_m99)s, %(sentiment_label_m99)s)]
[parameters: {'article_id_m0': 'a7d29028d77490d644d9', 'brand_m0': 'Tesla', 'query_type_m0': 'Tesla Model Y', 'source_m0': 'Autocar', 'author_m0': 'Autocar', 'title_m0': 'The 10 most reliable car brands - and the 10 LEAST', 'description_m0': "We recently reported the latest results from the reliability survey from our sister magazine What Car?, highlighting the car models we believe are the most reliable - and the cars that are least reliable.\r\n\n\r\n\nIn this story, we're looking at the car brands th…", 'url_m0': 'https://www.autocar.co.uk/car-news/slideshow/10-most-reliable-car-brands-and-10-least-80', 'published_at_m0': datetime.datetime(2026, 5, 19, 0, 28, 8, tzinfo=datetime.timezone.utc), 'collected_at_m0': datetime.datetime(2026, 5, 31, 2, 7, 6, 644236, tzinfo=datetime.timezone.utc), 'compound_m0': 0.0, 'positive_score_m0': 0.0, 'negative_score_m0': 0.0, 'neutral_score_m0': 1.0, 'sentiment_label_m0': 'neutral', 'article_id_m1': 'ffb6717606a297c07f24', 'brand_m1': 'Tesla', 'query_type_m1': 'Tesla Model Y', 'source_m1': 'Autocar', 'author_m1': 'Autocar', 'title_m1': 'The 10 most reliable car brands - and the 10 LEAST', 'description_m1': "We recently reported the latest results from the reliability survey from our sister magazine What Car?, highlighting the car models we believe are the most reliable - and the cars that are least reliable.\r\n\n\r\n\nIn this story, we're looking at the car brands th…", 'url_m1': 'https://www.autocar.co.uk/car-news/slideshow/10-most-reliable-car-brands-and-10-least-79', 'published_at_m1': datetime.datetime(2026, 5, 19, 0, 28, 7, tzinfo=datetime.timezone.utc), 'collected_at_m1': datetime.datetime(2026, 5, 31, 2, 7, 6, 644278, tzinfo=datetime.timezone.utc), 'compound_m1': 0.0, 'positive_score_m1': 0.0, 'negative_score_m1': 0.0, 'neutral_score_m1': 1.0, 'sentiment_label_m1': 'neutral', 'article_id_m2': '42539b1668a02d9d17a3', 'brand_m2': 'Tesla', 'query_type_m2': 'Tesla Model Y', 'source_m2': 'Autocar', 'author_m2': 'Autocar', 'title_m2': 'The 10 most reliable car brands - and the 10 LEAST', 'description_m2': "We recently reported the latest results from the reliability survey from our sister magazine What Car?, highlighting the car models we believe are the most reliable - and the cars that are least reliable.\r\n\n\r\n\nIn this story, we're looking at the car brands th…", 'url_m2': 'https://www.autocar.co.uk/car-news/slideshow/10-most-reliable-car-brands-and-10-least-78', 'published_at_m2': datetime.datetime(2026, 5, 19, 0, 28, 6, tzinfo=datetime.timezone.utc), 'collected_at_m2': datetime.datetime(2026, 5, 31, 2, 7, 6, 644321, tzinfo=datetime.timezone.utc), 'compound_m2': 0.0, 'positive_score_m2': 0.0, 'negative_score_m2': 0.0, 'neutral_score_m2': 1.0, 'sentiment_label_m2': 'neutral', 'article_id_m3': '3be3dcbfa6b0793c33f6', 'brand_m3': 'Tesla', 'query_type_m3': 'Tesla Model Y', 'source_m3': 'Autocar', 'author_m3': 'Autocar' ... 1400 parameters truncated ... 'compound_m96': 0.0, 'positive_score_m96': 0.0, 'negative_score_m96': 0.0, 'neutral_score_m96': 1.0, 'sentiment_label_m96': 'neutral', 'article_id_m97': '4df2137c97a0dacb81cd', 'brand_m97': 'Hyundai', 'query_type_m97': 'Hyundai Ioniq', 'source_m97': 'AutoExpress', 'author_m97': 'Tom Jervis', 'title_m97': 'Three-car garage: Vauxhall Insignia, Fiat 124 Spider and Hyundai Ioniq Electric for £30k', 'description_m97': 'New cars are getting insanely expensive; we find three cars to fit every scenario for less than a base Kia Sportage', 'url_m97': 'https://www.autoexpress.co.uk/features/369651/three-car-garage-vauxhall-insignia-fiat-124-spider-and-hyundai-ioniq-electric-ps30k', 'published_at_m97': datetime.datetime(2026, 5, 24, 11, 8, 35, tzinfo=datetime.timezone.utc), 'collected_at_m97': datetime.datetime(2026, 5, 31, 2, 7, 6, 654802, tzinfo=datetime.timezone.utc), 'compound_m97': -0.4019, 'positive_score_m97': 0.065, 'negative_score_m97': 0.109, 'neutral_score_m97': 0.827, 'sentiment_label_m97': 'negative', 'article_id_m98': 'cf62b9a411731896bd82', 'brand_m98': 'Hyundai', 'query_type_m98': 'Hyundai Ioniq', 'source_m98': 'Freerepublic.com', 'author_m98': 'INSIDEEVS', 'title_m98': 'I Love EVs, But Kia and Hyundai Are Making That Harder', 'description_m98': 'My family leased a Kia EV9 and a Hyundai Ioniq 5. It shows your mileage may vary in even the most critically acclaimed electric cars. ...“Later that day” ended up taking much longer. The service center did not have the car ready until the end of the day on Ja…', 'url_m98': 'https://freerepublic.com/focus/f-chat/4380635/posts', 'published_at_m98': datetime.datetime(2026, 5, 23, 15, 11, 4, tzinfo=datetime.timezone.utc), 'collected_at_m98': datetime.datetime(2026, 5, 31, 2, 7, 6, 654899, tzinfo=datetime.timezone.utc), 'compound_m98': -0.8294, 'positive_score_m98': 0.079, 'negative_score_m98': 0.156, 'neutral_score_m98': 0.766, 'sentiment_label_m98': 'negative', 'article_id_m99': '232c7efdd6007ecc4a7e', 'brand_m99': 'Hyundai', 'query_type_m99': 'Hyundai Ioniq', 'source_m99': 'PRNewswire', 'author_m99': 'Unknown', 'title_m99': "Hyundai Marks 10th Annual National Salute to America's Heroes with $100,000 Donation to Folds of Honor", 'description_m99': "Memorial Day Weekend event returns to Miami Beach May 23–24, 2026, featuring the Hyundai Air & Sea Show Celebration coincides with Hyundai's 40 years in America and the nation's 250th anniversary Hyundai strengthens support for military and veteran communitie…", 'url_m99': 'https://www.prnewswire.com/news-releases/hyundai-marks-10th-annual-national-salute-to-americas-heroes-with-100-000-donation-to-folds-of-honor-302780566.html', 'published_at_m99': datetime.datetime(2026, 5, 23, 1, 31, tzinfo=datetime.timezone.utc), 'collected_at_m99': datetime.datetime(2026, 5, 31, 2, 7, 6, 655003, tzinfo=datetime.timezone.utc), 'compound_m99': 0.9042, 'positive_score_m99': 0.193, 'negative_score_m99': 0.0, 'neutral_score_m99': 0.807, 'sentiment_label_m99': 'positive'}]
(Background on this error at: https://sqlalche.me/e/20/9h9h)
2026-05-30 22:07:07  [ERROR]  PIPELINE FAILED: (psycopg2.errors.StringDataRightTruncation) value too long for type character varying(200)

[SQL: INSERT INTO tesla_sentiment.articles (article_id, brand, query_type, source, author, title, description, url, published_at, collected_at, compound, positive_score, negative_score, neutral_score, sentiment_label) VALUES (%(article_id_m0)s, %(brand_m0)s, %(query_type_m0)s, %(source_m0)s, %(author_m0)s, %(title_m0)s, %(description_m0)s, %(url_m0)s, %(published_at_m0)s, %(collected_at_m0)s, %(compound_m0)s, %(positive_score_m0)s, %(negative_score_m0)s, %(neutral_score_m0)s, %(sentiment_label_m0)s), (%(article_id_m1)s, %(brand_m1)s, %(query_type_m1)s, %(source_m1)s, %(author_m1)s, %(title_m1)s, %(description_m1)s, %(url_m1)s, %(published_at_m1)s, %(collected_at_m1)s, %(compound_m1)s, %(positive_score_m1)s, %(negative_score_m1)s, %(neutral_score_m1)s, %(sentiment_label_m1)s), (%(article_id_m2)s, %(brand_m2)s, %(query_type_m2)s, %(source_m2)s, %(author_m2)s, %(title_m2)s, %(description_m2)s, %(url_m2)s, %(published_at_m2)s, %(collected_at_m2)s, %(compound_m2)s, %(positive_score_m2)s, %(negative_score_m2)s, %(neutral_score_m2)s, %(sentiment_label_m2)s), (%(article_id_m3)s, %(brand_m3)s, %(query_type_m3)s, %(source_m3)s, %(author_m3)s, %(title_m3)s, %(description_m3)s, %(url_m3)s, %(published_at_m3)s, %(collected_at_m3)s, %(compound_m3)s, %(positive_score_m3)s, %(negative_score_m3)s, %(neutral_score_m3)s, %(sentiment_label_m3)s), (%(article_id_m4)s, %(brand_m4)s, %(query_type_m4)s, %(source_m4)s, %(author_m4)s, %(title_m4)s, %(description_m4)s, %(url_m4)s, %(published_at_m4)s, %(collected_at_m4)s, %(compound_m4)s, %(positive_score_m4)s, %(negative_score_m4)s, %(neutral_score_m4)s, %(sentiment_label_m4)s), (%(article_id_m5)s, %(brand_m5)s, %(query_type_m5)s, %(source_m5)s, %(author_m5)s, %(title_m5)s, %(description_m5)s, %(url_m5)s, %(published_at_m5)s, %(collected_at_m5)s, %(compound_m5)s, %(positive_score_m5)s, %(negative_score_m5)s, %(neutral_score_m5)s, %(sentiment_label_m5)s), (%(article_id_m6)s, %(brand_m6)s, %(query_type_m6)s, %(source_m6)s, %(author_m6)s, %(title_m6)s, %(description_m6)s, %(url_m6)s, %(published_at_m6)s, %(collected_at_m6)s, %(compound_m6)s, %(positive_score_m6)s, %(negative_score_m6)s, %(neutral_score_m6)s, %(sentiment_label_m6)s), (%(article_id_m7)s, %(brand_m7)s, %(query_type_m7)s, %(source_m7)s, %(author_m7)s, %(title_m7)s, %(description_m7)s, %(url_m7)s, %(published_at_m7)s, %(collected_at_m7)s, %(compound_m7)s, %(positive_score_m7)s, %(negative_score_m7)s, %(neutral_score_m7)s, %(sentiment_label_m7)s), (%(article_id_m8)s, %(brand_m8)s, %(query_type_m8)s, %(source_m8)s, %(author_m8)s, %(title_m8)s, %(description_m8)s, %(url_m8)s, %(published_at_m8)s, %(collected_at_m8)s, %(compound_m8)s, %(positive_score_m8)s, %(negative_score_m8)s, %(neutral_score_m8)s, %(sentiment_label_m8)s), (%(article_id_m9)s, %(brand_m9)s, %(query_type_m9)s, %(source_m9)s, %(author_m9)s, %(title_m9)s, %(description_m9)s, %(url_m9)s, %(published_at_m9)s, %(collected_at_m9)s, %(compound_m9)s, %(positive_score_m9)s, %(negative_score_m9)s, %(neutral_score_m9)s, %(sentiment_label_m9)s), (%(article_id_m10)s, %(brand_m10)s, %(query_type_m10)s, %(source_m10)s, %(author_m10)s, %(title_m10)s, %(description_m10)s, %(url_m10)s, %(published_at_m10)s, %(collected_at_m10)s, %(compound_m10)s, %(positive_score_m10)s, %(negative_score_m10)s, %(neutral_score_m10)s, %(sentiment_label_m10)s), (%(article_id_m11)s, %(brand_m11)s, %(query_type_m11)s, %(source_m11)s, %(author_m11)s, %(title_m11)s, %(description_m11)s, %(url_m11)s, %(published_at_m11)s, %(collected_at_m11)s, %(compound_m11)s, %(positive_score_m11)s, %(negative_score_m11)s, %(neutral_score_m11)s, %(sentiment_label_m11)s), (%(article_id_m12)s, %(brand_m12)s, %(query_type_m12)s, %(source_m12)s, %(author_m12)s, %(title_m12)s, %(description_m12)s, %(url_m12)s, %(published_at_m12)s, %(collected_at_m12)s, %(compound_m12)s, %(positive_score_m12)s, %(negative_score_m12)s, %(neutral_score_m12)s, %(sentiment_label_m12)s), (%(article_id_m13)s, %(brand_m13)s, %(query_type_m13)s, %(source_m13)s, %(author_m13)s, %(title_m13)s, %(description_m13)s, %(url_m13)s, %(published_at_m13)s, %(collected_at_m13)s, %(compound_m13)s, %(positive_score_m13)s, %(negative_score_m13)s, %(neutral_score_m13)s, %(sentiment_label_m13)s), (%(article_id_m14)s, %(brand_m14)s, %(query_type_m14)s, %(source_m14)s, %(author_m14)s, %(title_m14)s, %(description_m14)s, %(url_m14)s, %(published_at_m14)s, %(collected_at_m14)s, %(compound_m14)s, %(positive_score_m14)s, %(negative_score_m14)s, %(neutral_score_m14)s, %(sentiment_label_m14)s), (%(article_id_m15)s, %(brand_m15)s, %(query_type_m15)s, %(source_m15)s, %(author_m15)s, %(title_m15)s, %(description_m15)s, %(url_m15)s, %(published_at_m15)s, %(collected_at_m15)s, %(compound_m15)s, %(positive_score_m15)s, %(negative_score_m15)s, %(neutral_score_m15)s, %(sentiment_label_m15)s), (%(article_id_m16)s, %(brand_m16)s, %(query_type_m16)s, %(source_m16)s, %(author_m16)s, %(title_m16)s, %(description_m16)s, %(url_m16)s, %(published_at_m16)s, %(collected_at_m16)s, %(compound_m16)s, %(positive_score_m16)s, %(negative_score_m16)s, %(neutral_score_m16)s, %(sentiment_label_m16)s), (%(article_id_m17)s, %(brand_m17)s, %(query_type_m17)s, %(source_m17)s, %(author_m17)s, %(title_m17)s, %(description_m17)s, %(url_m17)s, %(published_at_m17)s, %(collected_at_m17)s, %(compound_m17)s, %(positive_score_m17)s, %(negative_score_m17)s, %(neutral_score_m17)s, %(sentiment_label_m17)s), (%(article_id_m18)s, %(brand_m18)s, %(query_type_m18)s, %(source_m18)s, %(author_m18)s, %(title_m18)s, %(description_m18)s, %(url_m18)s, %(published_at_m18)s, %(collected_at_m18)s, %(compound_m18)s, %(positive_score_m18)s, %(negative_score_m18)s, %(neutral_score_m18)s, %(sentiment_label_m18)s), (%(article_id_m19)s, %(brand_m19)s, %(query_type_m19)s, %(source_m19)s, %(author_m19)s, %(title_m19)s, %(description_m19)s, %(url_m19)s, %(published_at_m19)s, %(collected_at_m19)s, %(compound_m19)s, %(positive_score_m19)s, %(negative_score_m19)s, %(neutral_score_m19)s, %(sentiment_label_m19)s), (%(article_id_m20)s, %(brand_m20)s, %(query_type_m20)s, %(source_m20)s, %(author_m20)s, %(title_m20)s, %(description_m20)s, %(url_m20)s, %(published_at_m20)s, %(collected_at_m20)s, %(compound_m20)s, %(positive_score_m20)s, %(negative_score_m20)s, %(neutral_score_m20)s, %(sentiment_label_m20)s), (%(article_id_m21)s, %(brand_m21)s, %(query_type_m21)s, %(source_m21)s, %(author_m21)s, %(title_m21)s, %(description_m21)s, %(url_m21)s, %(published_at_m21)s, %(collected_at_m21)s, %(compound_m21)s, %(positive_score_m21)s, %(negative_score_m21)s, %(neutral_score_m21)s, %(sentiment_label_m21)s), (%(article_id_m22)s, %(brand_m22)s, %(query_type_m22)s, %(source_m22)s, %(author_m22)s, %(title_m22)s, %(description_m22)s, %(url_m22)s, %(published_at_m22)s, %(collected_at_m22)s, %(compound_m22)s, %(positive_score_m22)s, %(negative_score_m22)s, %(neutral_score_m22)s, %(sentiment_label_m22)s), (%(article_id_m23)s, %(brand_m23)s, %(query_type_m23)s, %(source_m23)s, %(author_m23)s, %(title_m23)s, %(description_m23)s, %(url_m23)s, %(published_at_m23)s, %(collected_at_m23)s, %(compound_m23)s, %(positive_score_m23)s, %(negative_score_m23)s, %(neutral_score_m23)s, %(sentiment_label_m23)s), (%(article_id_m24)s, %(brand_m24)s, %(query_type_m24)s, %(source_m24)s, %(author_m24)s, %(title_m24)s, %(description_m24)s, %(url_m24)s, %(published_at_m24)s, %(collected_at_m24)s, %(compound_m24)s, %(positive_score_m24)s, %(negative_score_m24)s, %(neutral_score_m24)s, %(sentiment_label_m24)s), (%(article_id_m25)s, %(brand_m25)s, %(query_type_m25)s, %(source_m25)s, %(author_m25)s, %(title_m25)s, %(description_m25)s, %(url_m25)s, %(published_at_m25)s, %(collected_at_m25)s, %(compound_m25)s, %(positive_score_m25)s, %(negative_score_m25)s, %(neutral_score_m25)s, %(sentiment_label_m25)s), (%(article_id_m26)s, %(brand_m26)s, %(query_type_m26)s, %(source_m26)s, %(author_m26)s, %(title_m26)s, %(description_m26)s, %(url_m26)s, %(published_at_m26)s, %(collected_at_m26)s, %(compound_m26)s, %(positive_score_m26)s, %(negative_score_m26)s, %(neutral_score_m26)s, %(sentiment_label_m26)s), (%(article_id_m27)s, %(brand_m27)s, %(query_type_m27)s, %(source_m27)s, %(author_m27)s, %(title_m27)s, %(description_m27)s, %(url_m27)s, %(published_at_m27)s, %(collected_at_m27)s, %(compound_m27)s, %(positive_score_m27)s, %(negative_score_m27)s, %(neutral_score_m27)s, %(sentiment_label_m27)s), (%(article_id_m28)s, %(brand_m28)s, %(query_type_m28)s, %(source_m28)s, %(author_m28)s, %(title_m28)s, %(description_m28)s, %(url_m28)s, %(published_at_m28)s, %(collected_at_m28)s, %(compound_m28)s, %(positive_score_m28)s, %(negative_score_m28)s, %(neutral_score_m28)s, %(sentiment_label_m28)s), (%(article_id_m29)s, %(brand_m29)s, %(query_type_m29)s, %(source_m29)s, %(author_m29)s, %(title_m29)s, %(description_m29)s, %(url_m29)s, %(published_at_m29)s, %(collected_at_m29)s, %(compound_m29)s, %(positive_score_m29)s, %(negative_score_m29)s, %(neutral_score_m29)s, %(sentiment_label_m29)s), (%(article_id_m30)s, %(brand_m30)s, %(query_type_m30)s, %(source_m30)s, %(author_m30)s, %(title_m30)s, %(description_m30)s, %(url_m30)s, %(published_at_m30)s, %(collected_at_m30)s, %(compound_m30)s, %(positive_score_m30)s, %(negative_score_m30)s, %(neutral_score_m30)s, %(sentiment_label_m30)s), (%(article_id_m31)s, %(brand_m31)s, %(query_type_m31)s, %(source_m31)s, %(author_m31)s, %(title_m31)s, %(description_m31)s, %(url_m31)s, %(published_at_m31)s, %(collected_at_m31)s, %(compound_m31)s, %(positive_score_m31)s, %(negative_score_m31)s, %(neutral_score_m31)s, %(sentiment_label_m31)s), (%(article_id_m32)s, %(brand_m32)s, %(query_type_m32)s, %(source_m32)s, %(author_m32)s, %(title_m32)s, %(description_m32)s, %(url_m32)s, %(published_at_m32)s, %(collected_at_m32)s, %(compound_m32)s, %(positive_score_m32)s, %(negative_score_m32)s, %(neutral_score_m32)s, %(sentiment_label_m32)s), (%(article_id_m33)s, %(brand_m33)s, %(query_type_m33)s, %(source_m33)s, %(author_m33)s, %(title_m33)s, %(description_m33)s, %(url_m33)s, %(published_at_m33)s, %(collected_at_m33)s, %(compound_m33)s, %(positive_score_m33)s, %(negative_score_m33)s, %(neutral_score_m33)s, %(sentiment_label_m33)s), (%(article_id_m34)s, %(brand_m34)s, %(query_type_m34)s, %(source_m34)s, %(author_m34)s, %(title_m34)s, %(description_m34)s, %(url_m34)s, %(published_at_m34)s, %(collected_at_m34)s, %(compound_m34)s, %(positive_score_m34)s, %(negative_score_m34)s, %(neutral_score_m34)s, %(sentiment_label_m34)s), (%(article_id_m35)s, %(brand_m35)s, %(query_type_m35)s, %(source_m35)s, %(author_m35)s, %(title_m35)s, %(description_m35)s, %(url_m35)s, %(published_at_m35)s, %(collected_at_m35)s, %(compound_m35)s, %(positive_score_m35)s, %(negative_score_m35)s, %(neutral_score_m35)s, %(sentiment_label_m35)s), (%(article_id_m36)s, %(brand_m36)s, %(query_type_m36)s, %(source_m36)s, %(author_m36)s, %(title_m36)s, %(description_m36)s, %(url_m36)s, %(published_at_m36)s, %(collected_at_m36)s, %(compound_m36)s, %(positive_score_m36)s, %(negative_score_m36)s, %(neutral_score_m36)s, %(sentiment_label_m36)s), (%(article_id_m37)s, %(brand_m37)s, %(query_type_m37)s, %(source_m37)s, %(author_m37)s, %(title_m37)s, %(description_m37)s, %(url_m37)s, %(published_at_m37)s, %(collected_at_m37)s, %(compound_m37)s, %(positive_score_m37)s, %(negative_score_m37)s, %(neutral_score_m37)s, %(sentiment_label_m37)s), (%(article_id_m38)s, %(brand_m38)s, %(query_type_m38)s, %(source_m38)s, %(author_m38)s, %(title_m38)s, %(description_m38)s, %(url_m38)s, %(published_at_m38)s, %(collected_at_m38)s, %(compound_m38)s, %(positive_score_m38)s, %(negative_score_m38)s, %(neutral_score_m38)s, %(sentiment_label_m38)s), (%(article_id_m39)s, %(brand_m39)s, %(query_type_m39)s, %(source_m39)s, %(author_m39)s, %(title_m39)s, %(description_m39)s, %(url_m39)s, %(published_at_m39)s, %(collected_at_m39)s, %(compound_m39)s, %(positive_score_m39)s, %(negative_score_m39)s, %(neutral_score_m39)s, %(sentiment_label_m39)s), (%(article_id_m40)s, %(brand_m40)s, %(query_type_m40)s, %(source_m40)s, %(author_m40)s, %(title_m40)s, %(description_m40)s, %(url_m40)s, %(published_at_m40)s, %(collected_at_m40)s, %(compound_m40)s, %(positive_score_m40)s, %(negative_score_m40)s, %(neutral_score_m40)s, %(sentiment_label_m40)s), (%(article_id_m41)s, %(brand_m41)s, %(query_type_m41)s, %(source_m41)s, %(author_m41)s, %(title_m41)s, %(description_m41)s, %(url_m41)s, %(published_at_m41)s, %(collected_at_m41)s, %(compound_m41)s, %(positive_score_m41)s, %(negative_score_m41)s, %(neutral_score_m41)s, %(sentiment_label_m41)s), (%(article_id_m42)s, %(brand_m42)s, %(query_type_m42)s, %(source_m42)s, %(author_m42)s, %(title_m42)s, %(description_m42)s, %(url_m42)s, %(published_at_m42)s, %(collected_at_m42)s, %(compound_m42)s, %(positive_score_m42)s, %(negative_score_m42)s, %(neutral_score_m42)s, %(sentiment_label_m42)s), (%(article_id_m43)s, %(brand_m43)s, %(query_type_m43)s, %(source_m43)s, %(author_m43)s, %(title_m43)s, %(description_m43)s, %(url_m43)s, %(published_at_m43)s, %(collected_at_m43)s, %(compound_m43)s, %(positive_score_m43)s, %(negative_score_m43)s, %(neutral_score_m43)s, %(sentiment_label_m43)s), (%(article_id_m44)s, %(brand_m44)s, %(query_type_m44)s, %(source_m44)s, %(author_m44)s, %(title_m44)s, %(description_m44)s, %(url_m44)s, %(published_at_m44)s, %(collected_at_m44)s, %(compound_m44)s, %(positive_score_m44)s, %(negative_score_m44)s, %(neutral_score_m44)s, %(sentiment_label_m44)s), (%(article_id_m45)s, %(brand_m45)s, %(query_type_m45)s, %(source_m45)s, %(author_m45)s, %(title_m45)s, %(description_m45)s, %(url_m45)s, %(published_at_m45)s, %(collected_at_m45)s, %(compound_m45)s, %(positive_score_m45)s, %(negative_score_m45)s, %(neutral_score_m45)s, %(sentiment_label_m45)s), (%(article_id_m46)s, %(brand_m46)s, %(query_type_m46)s, %(source_m46)s, %(author_m46)s, %(title_m46)s, %(description_m46)s, %(url_m46)s, %(published_at_m46)s, %(collected_at_m46)s, %(compound_m46)s, %(positive_score_m46)s, %(negative_score_m46)s, %(neutral_score_m46)s, %(sentiment_label_m46)s), (%(article_id_m47)s, %(brand_m47)s, %(query_type_m47)s, %(source_m47)s, %(author_m47)s, %(title_m47)s, %(description_m47)s, %(url_m47)s, %(published_at_m47)s, %(collected_at_m47)s, %(compound_m47)s, %(positive_score_m47)s, %(negative_score_m47)s, %(neutral_score_m47)s, %(sentiment_label_m47)s), (%(article_id_m48)s, %(brand_m48)s, %(query_type_m48)s, %(source_m48)s, %(author_m48)s, %(title_m48)s, %(description_m48)s, %(url_m48)s, %(published_at_m48)s, %(collected_at_m48)s, %(compound_m48)s, %(positive_score_m48)s, %(negative_score_m48)s, %(neutral_score_m48)s, %(sentiment_label_m48)s), (%(article_id_m49)s, %(brand_m49)s, %(query_type_m49)s, %(source_m49)s, %(author_m49)s, %(title_m49)s, %(description_m49)s, %(url_m49)s, %(published_at_m49)s, %(collected_at_m49)s, %(compound_m49)s, %(positive_score_m49)s, %(negative_score_m49)s, %(neutral_score_m49)s, %(sentiment_label_m49)s), (%(article_id_m50)s, %(brand_m50)s, %(query_type_m50)s, %(source_m50)s, %(author_m50)s, %(title_m50)s, %(description_m50)s, %(url_m50)s, %(published_at_m50)s, %(collected_at_m50)s, %(compound_m50)s, %(positive_score_m50)s, %(negative_score_m50)s, %(neutral_score_m50)s, %(sentiment_label_m50)s), (%(article_id_m51)s, %(brand_m51)s, %(query_type_m51)s, %(source_m51)s, %(author_m51)s, %(title_m51)s, %(description_m51)s, %(url_m51)s, %(published_at_m51)s, %(collected_at_m51)s, %(compound_m51)s, %(positive_score_m51)s, %(negative_score_m51)s, %(neutral_score_m51)s, %(sentiment_label_m51)s), (%(article_id_m52)s, %(brand_m52)s, %(query_type_m52)s, %(source_m52)s, %(author_m52)s, %(title_m52)s, %(description_m52)s, %(url_m52)s, %(published_at_m52)s, %(collected_at_m52)s, %(compound_m52)s, %(positive_score_m52)s, %(negative_score_m52)s, %(neutral_score_m52)s, %(sentiment_label_m52)s), (%(article_id_m53)s, %(brand_m53)s, %(query_type_m53)s, %(source_m53)s, %(author_m53)s, %(title_m53)s, %(description_m53)s, %(url_m53)s, %(published_at_m53)s, %(collected_at_m53)s, %(compound_m53)s, %(positive_score_m53)s, %(negative_score_m53)s, %(neutral_score_m53)s, %(sentiment_label_m53)s), (%(article_id_m54)s, %(brand_m54)s, %(query_type_m54)s, %(source_m54)s, %(author_m54)s, %(title_m54)s, %(description_m54)s, %(url_m54)s, %(published_at_m54)s, %(collected_at_m54)s, %(compound_m54)s, %(positive_score_m54)s, %(negative_score_m54)s, %(neutral_score_m54)s, %(sentiment_label_m54)s), (%(article_id_m55)s, %(brand_m55)s, %(query_type_m55)s, %(source_m55)s, %(author_m55)s, %(title_m55)s, %(description_m55)s, %(url_m55)s, %(published_at_m55)s, %(collected_at_m55)s, %(compound_m55)s, %(positive_score_m55)s, %(negative_score_m55)s, %(neutral_score_m55)s, %(sentiment_label_m55)s), (%(article_id_m56)s, %(brand_m56)s, %(query_type_m56)s, %(source_m56)s, %(author_m56)s, %(title_m56)s, %(description_m56)s, %(url_m56)s, %(published_at_m56)s, %(collected_at_m56)s, %(compound_m56)s, %(positive_score_m56)s, %(negative_score_m56)s, %(neutral_score_m56)s, %(sentiment_label_m56)s), (%(article_id_m57)s, %(brand_m57)s, %(query_type_m57)s, %(source_m57)s, %(author_m57)s, %(title_m57)s, %(description_m57)s, %(url_m57)s, %(published_at_m57)s, %(collected_at_m57)s, %(compound_m57)s, %(positive_score_m57)s, %(negative_score_m57)s, %(neutral_score_m57)s, %(sentiment_label_m57)s), (%(article_id_m58)s, %(brand_m58)s, %(query_type_m58)s, %(source_m58)s, %(author_m58)s, %(title_m58)s, %(description_m58)s, %(url_m58)s, %(published_at_m58)s, %(collected_at_m58)s, %(compound_m58)s, %(positive_score_m58)s, %(negative_score_m58)s, %(neutral_score_m58)s, %(sentiment_label_m58)s), (%(article_id_m59)s, %(brand_m59)s, %(query_type_m59)s, %(source_m59)s, %(author_m59)s, %(title_m59)s, %(description_m59)s, %(url_m59)s, %(published_at_m59)s, %(collected_at_m59)s, %(compound_m59)s, %(positive_score_m59)s, %(negative_score_m59)s, %(neutral_score_m59)s, %(sentiment_label_m59)s), (%(article_id_m60)s, %(brand_m60)s, %(query_type_m60)s, %(source_m60)s, %(author_m60)s, %(title_m60)s, %(description_m60)s, %(url_m60)s, %(published_at_m60)s, %(collected_at_m60)s, %(compound_m60)s, %(positive_score_m60)s, %(negative_score_m60)s, %(neutral_score_m60)s, %(sentiment_label_m60)s), (%(article_id_m61)s, %(brand_m61)s, %(query_type_m61)s, %(source_m61)s, %(author_m61)s, %(title_m61)s, %(description_m61)s, %(url_m61)s, %(published_at_m61)s, %(collected_at_m61)s, %(compound_m61)s, %(positive_score_m61)s, %(negative_score_m61)s, %(neutral_score_m61)s, %(sentiment_label_m61)s), (%(article_id_m62)s, %(brand_m62)s, %(query_type_m62)s, %(source_m62)s, %(author_m62)s, %(title_m62)s, %(description_m62)s, %(url_m62)s, %(published_at_m62)s, %(collected_at_m62)s, %(compound_m62)s, %(positive_score_m62)s, %(negative_score_m62)s, %(neutral_score_m62)s, %(sentiment_label_m62)s), (%(article_id_m63)s, %(brand_m63)s, %(query_type_m63)s, %(source_m63)s, %(author_m63)s, %(title_m63)s, %(description_m63)s, %(url_m63)s, %(published_at_m63)s, %(collected_at_m63)s, %(compound_m63)s, %(positive_score_m63)s, %(negative_score_m63)s, %(neutral_score_m63)s, %(sentiment_label_m63)s), (%(article_id_m64)s, %(brand_m64)s, %(query_type_m64)s, %(source_m64)s, %(author_m64)s, %(title_m64)s, %(description_m64)s, %(url_m64)s, %(published_at_m64)s, %(collected_at_m64)s, %(compound_m64)s, %(positive_score_m64)s, %(negative_score_m64)s, %(neutral_score_m64)s, %(sentiment_label_m64)s), (%(article_id_m65)s, %(brand_m65)s, %(query_type_m65)s, %(source_m65)s, %(author_m65)s, %(title_m65)s, %(description_m65)s, %(url_m65)s, %(published_at_m65)s, %(collected_at_m65)s, %(compound_m65)s, %(positive_score_m65)s, %(negative_score_m65)s, %(neutral_score_m65)s, %(sentiment_label_m65)s), (%(article_id_m66)s, %(brand_m66)s, %(query_type_m66)s, %(source_m66)s, %(author_m66)s, %(title_m66)s, %(description_m66)s, %(url_m66)s, %(published_at_m66)s, %(collected_at_m66)s, %(compound_m66)s, %(positive_score_m66)s, %(negative_score_m66)s, %(neutral_score_m66)s, %(sentiment_label_m66)s), (%(article_id_m67)s, %(brand_m67)s, %(query_type_m67)s, %(source_m67)s, %(author_m67)s, %(title_m67)s, %(description_m67)s, %(url_m67)s, %(published_at_m67)s, %(collected_at_m67)s, %(compound_m67)s, %(positive_score_m67)s, %(negative_score_m67)s, %(neutral_score_m67)s, %(sentiment_label_m67)s), (%(article_id_m68)s, %(brand_m68)s, %(query_type_m68)s, %(source_m68)s, %(author_m68)s, %(title_m68)s, %(description_m68)s, %(url_m68)s, %(published_at_m68)s, %(collected_at_m68)s, %(compound_m68)s, %(positive_score_m68)s, %(negative_score_m68)s, %(neutral_score_m68)s, %(sentiment_label_m68)s), (%(article_id_m69)s, %(brand_m69)s, %(query_type_m69)s, %(source_m69)s, %(author_m69)s, %(title_m69)s, %(description_m69)s, %(url_m69)s, %(published_at_m69)s, %(collected_at_m69)s, %(compound_m69)s, %(positive_score_m69)s, %(negative_score_m69)s, %(neutral_score_m69)s, %(sentiment_label_m69)s), (%(article_id_m70)s, %(brand_m70)s, %(query_type_m70)s, %(source_m70)s, %(author_m70)s, %(title_m70)s, %(description_m70)s, %(url_m70)s, %(published_at_m70)s, %(collected_at_m70)s, %(compound_m70)s, %(positive_score_m70)s, %(negative_score_m70)s, %(neutral_score_m70)s, %(sentiment_label_m70)s), (%(article_id_m71)s, %(brand_m71)s, %(query_type_m71)s, %(source_m71)s, %(author_m71)s, %(title_m71)s, %(description_m71)s, %(url_m71)s, %(published_at_m71)s, %(collected_at_m71)s, %(compound_m71)s, %(positive_score_m71)s, %(negative_score_m71)s, %(neutral_score_m71)s, %(sentiment_label_m71)s), (%(article_id_m72)s, %(brand_m72)s, %(query_type_m72)s, %(source_m72)s, %(author_m72)s, %(title_m72)s, %(description_m72)s, %(url_m72)s, %(published_at_m72)s, %(collected_at_m72)s, %(compound_m72)s, %(positive_score_m72)s, %(negative_score_m72)s, %(neutral_score_m72)s, %(sentiment_label_m72)s), (%(article_id_m73)s, %(brand_m73)s, %(query_type_m73)s, %(source_m73)s, %(author_m73)s, %(title_m73)s, %(description_m73)s, %(url_m73)s, %(published_at_m73)s, %(collected_at_m73)s, %(compound_m73)s, %(positive_score_m73)s, %(negative_score_m73)s, %(neutral_score_m73)s, %(sentiment_label_m73)s), (%(article_id_m74)s, %(brand_m74)s, %(query_type_m74)s, %(source_m74)s, %(author_m74)s, %(title_m74)s, %(description_m74)s, %(url_m74)s, %(published_at_m74)s, %(collected_at_m74)s, %(compound_m74)s, %(positive_score_m74)s, %(negative_score_m74)s, %(neutral_score_m74)s, %(sentiment_label_m74)s), (%(article_id_m75)s, %(brand_m75)s, %(query_type_m75)s, %(source_m75)s, %(author_m75)s, %(title_m75)s, %(description_m75)s, %(url_m75)s, %(published_at_m75)s, %(collected_at_m75)s, %(compound_m75)s, %(positive_score_m75)s, %(negative_score_m75)s, %(neutral_score_m75)s, %(sentiment_label_m75)s), (%(article_id_m76)s, %(brand_m76)s, %(query_type_m76)s, %(source_m76)s, %(author_m76)s, %(title_m76)s, %(description_m76)s, %(url_m76)s, %(published_at_m76)s, %(collected_at_m76)s, %(compound_m76)s, %(positive_score_m76)s, %(negative_score_m76)s, %(neutral_score_m76)s, %(sentiment_label_m76)s), (%(article_id_m77)s, %(brand_m77)s, %(query_type_m77)s, %(source_m77)s, %(author_m77)s, %(title_m77)s, %(description_m77)s, %(url_m77)s, %(published_at_m77)s, %(collected_at_m77)s, %(compound_m77)s, %(positive_score_m77)s, %(negative_score_m77)s, %(neutral_score_m77)s, %(sentiment_label_m77)s), (%(article_id_m78)s, %(brand_m78)s, %(query_type_m78)s, %(source_m78)s, %(author_m78)s, %(title_m78)s, %(description_m78)s, %(url_m78)s, %(published_at_m78)s, %(collected_at_m78)s, %(compound_m78)s, %(positive_score_m78)s, %(negative_score_m78)s, %(neutral_score_m78)s, %(sentiment_label_m78)s), (%(article_id_m79)s, %(brand_m79)s, %(query_type_m79)s, %(source_m79)s, %(author_m79)s, %(title_m79)s, %(description_m79)s, %(url_m79)s, %(published_at_m79)s, %(collected_at_m79)s, %(compound_m79)s, %(positive_score_m79)s, %(negative_score_m79)s, %(neutral_score_m79)s, %(sentiment_label_m79)s), (%(article_id_m80)s, %(brand_m80)s, %(query_type_m80)s, %(source_m80)s, %(author_m80)s, %(title_m80)s, %(description_m80)s, %(url_m80)s, %(published_at_m80)s, %(collected_at_m80)s, %(compound_m80)s, %(positive_score_m80)s, %(negative_score_m80)s, %(neutral_score_m80)s, %(sentiment_label_m80)s), (%(article_id_m81)s, %(brand_m81)s, %(query_type_m81)s, %(source_m81)s, %(author_m81)s, %(title_m81)s, %(description_m81)s, %(url_m81)s, %(published_at_m81)s, %(collected_at_m81)s, %(compound_m81)s, %(positive_score_m81)s, %(negative_score_m81)s, %(neutral_score_m81)s, %(sentiment_label_m81)s), (%(article_id_m82)s, %(brand_m82)s, %(query_type_m82)s, %(source_m82)s, %(author_m82)s, %(title_m82)s, %(description_m82)s, %(url_m82)s, %(published_at_m82)s, %(collected_at_m82)s, %(compound_m82)s, %(positive_score_m82)s, %(negative_score_m82)s, %(neutral_score_m82)s, %(sentiment_label_m82)s), (%(article_id_m83)s, %(brand_m83)s, %(query_type_m83)s, %(source_m83)s, %(author_m83)s, %(title_m83)s, %(description_m83)s, %(url_m83)s, %(published_at_m83)s, %(collected_at_m83)s, %(compound_m83)s, %(positive_score_m83)s, %(negative_score_m83)s, %(neutral_score_m83)s, %(sentiment_label_m83)s), (%(article_id_m84)s, %(brand_m84)s, %(query_type_m84)s, %(source_m84)s, %(author_m84)s, %(title_m84)s, %(description_m84)s, %(url_m84)s, %(published_at_m84)s, %(collected_at_m84)s, %(compound_m84)s, %(positive_score_m84)s, %(negative_score_m84)s, %(neutral_score_m84)s, %(sentiment_label_m84)s), (%(article_id_m85)s, %(brand_m85)s, %(query_type_m85)s, %(source_m85)s, %(author_m85)s, %(title_m85)s, %(description_m85)s, %(url_m85)s, %(published_at_m85)s, %(collected_at_m85)s, %(compound_m85)s, %(positive_score_m85)s, %(negative_score_m85)s, %(neutral_score_m85)s, %(sentiment_label_m85)s), (%(article_id_m86)s, %(brand_m86)s, %(query_type_m86)s, %(source_m86)s, %(author_m86)s, %(title_m86)s, %(description_m86)s, %(url_m86)s, %(published_at_m86)s, %(collected_at_m86)s, %(compound_m86)s, %(positive_score_m86)s, %(negative_score_m86)s, %(neutral_score_m86)s, %(sentiment_label_m86)s), (%(article_id_m87)s, %(brand_m87)s, %(query_type_m87)s, %(source_m87)s, %(author_m87)s, %(title_m87)s, %(description_m87)s, %(url_m87)s, %(published_at_m87)s, %(collected_at_m87)s, %(compound_m87)s, %(positive_score_m87)s, %(negative_score_m87)s, %(neutral_score_m87)s, %(sentiment_label_m87)s), (%(article_id_m88)s, %(brand_m88)s, %(query_type_m88)s, %(source_m88)s, %(author_m88)s, %(title_m88)s, %(description_m88)s, %(url_m88)s, %(published_at_m88)s, %(collected_at_m88)s, %(compound_m88)s, %(positive_score_m88)s, %(negative_score_m88)s, %(neutral_score_m88)s, %(sentiment_label_m88)s), (%(article_id_m89)s, %(brand_m89)s, %(query_type_m89)s, %(source_m89)s, %(author_m89)s, %(title_m89)s, %(description_m89)s, %(url_m89)s, %(published_at_m89)s, %(collected_at_m89)s, %(compound_m89)s, %(positive_score_m89)s, %(negative_score_m89)s, %(neutral_score_m89)s, %(sentiment_label_m89)s), (%(article_id_m90)s, %(brand_m90)s, %(query_type_m90)s, %(source_m90)s, %(author_m90)s, %(title_m90)s, %(description_m90)s, %(url_m90)s, %(published_at_m90)s, %(collected_at_m90)s, %(compound_m90)s, %(positive_score_m90)s, %(negative_score_m90)s, %(neutral_score_m90)s, %(sentiment_label_m90)s), (%(article_id_m91)s, %(brand_m91)s, %(query_type_m91)s, %(source_m91)s, %(author_m91)s, %(title_m91)s, %(description_m91)s, %(url_m91)s, %(published_at_m91)s, %(collected_at_m91)s, %(compound_m91)s, %(positive_score_m91)s, %(negative_score_m91)s, %(neutral_score_m91)s, %(sentiment_label_m91)s), (%(article_id_m92)s, %(brand_m92)s, %(query_type_m92)s, %(source_m92)s, %(author_m92)s, %(title_m92)s, %(description_m92)s, %(url_m92)s, %(published_at_m92)s, %(collected_at_m92)s, %(compound_m92)s, %(positive_score_m92)s, %(negative_score_m92)s, %(neutral_score_m92)s, %(sentiment_label_m92)s), (%(article_id_m93)s, %(brand_m93)s, %(query_type_m93)s, %(source_m93)s, %(author_m93)s, %(title_m93)s, %(description_m93)s, %(url_m93)s, %(published_at_m93)s, %(collected_at_m93)s, %(compound_m93)s, %(positive_score_m93)s, %(negative_score_m93)s, %(neutral_score_m93)s, %(sentiment_label_m93)s), (%(article_id_m94)s, %(brand_m94)s, %(query_type_m94)s, %(source_m94)s, %(author_m94)s, %(title_m94)s, %(description_m94)s, %(url_m94)s, %(published_at_m94)s, %(collected_at_m94)s, %(compound_m94)s, %(positive_score_m94)s, %(negative_score_m94)s, %(neutral_score_m94)s, %(sentiment_label_m94)s), (%(article_id_m95)s, %(brand_m95)s, %(query_type_m95)s, %(source_m95)s, %(author_m95)s, %(title_m95)s, %(description_m95)s, %(url_m95)s, %(published_at_m95)s, %(collected_at_m95)s, %(compound_m95)s, %(positive_score_m95)s, %(negative_score_m95)s, %(neutral_score_m95)s, %(sentiment_label_m95)s), (%(article_id_m96)s, %(brand_m96)s, %(query_type_m96)s, %(source_m96)s, %(author_m96)s, %(title_m96)s, %(description_m96)s, %(url_m96)s, %(published_at_m96)s, %(collected_at_m96)s, %(compound_m96)s, %(positive_score_m96)s, %(negative_score_m96)s, %(neutral_score_m96)s, %(sentiment_label_m96)s), (%(article_id_m97)s, %(brand_m97)s, %(query_type_m97)s, %(source_m97)s, %(author_m97)s, %(title_m97)s, %(description_m97)s, %(url_m97)s, %(published_at_m97)s, %(collected_at_m97)s, %(compound_m97)s, %(positive_score_m97)s, %(negative_score_m97)s, %(neutral_score_m97)s, %(sentiment_label_m97)s), (%(article_id_m98)s, %(brand_m98)s, %(query_type_m98)s, %(source_m98)s, %(author_m98)s, %(title_m98)s, %(description_m98)s, %(url_m98)s, %(published_at_m98)s, %(collected_at_m98)s, %(compound_m98)s, %(positive_score_m98)s, %(negative_score_m98)s, %(neutral_score_m98)s, %(sentiment_label_m98)s), (%(article_id_m99)s, %(brand_m99)s, %(query_type_m99)s, %(source_m99)s, %(author_m99)s, %(title_m99)s, %(description_m99)s, %(url_m99)s, %(published_at_m99)s, %(collected_at_m99)s, %(compound_m99)s, %(positive_score_m99)s, %(negative_score_m99)s, %(neutral_score_m99)s, %(sentiment_label_m99)s)]
[parameters: {'article_id_m0': 'a7d29028d77490d644d9', 'brand_m0': 'Tesla', 'query_type_m0': 'Tesla Model Y', 'source_m0': 'Autocar', 'author_m0': 'Autocar', 'title_m0': 'The 10 most reliable car brands - and the 10 LEAST', 'description_m0': "We recently reported the latest results from the reliability survey from our sister magazine What Car?, highlighting the car models we believe are the most reliable - and the cars that are least reliable.\r\n\n\r\n\nIn this story, we're looking at the car brands th…", 'url_m0': 'https://www.autocar.co.uk/car-news/slideshow/10-most-reliable-car-brands-and-10-least-80', 'published_at_m0': datetime.datetime(2026, 5, 19, 0, 28, 8, tzinfo=datetime.timezone.utc), 'collected_at_m0': datetime.datetime(2026, 5, 31, 2, 7, 6, 644236, tzinfo=datetime.timezone.utc), 'compound_m0': 0.0, 'positive_score_m0': 0.0, 'negative_score_m0': 0.0, 'neutral_score_m0': 1.0, 'sentiment_label_m0': 'neutral', 'article_id_m1': 'ffb6717606a297c07f24', 'brand_m1': 'Tesla', 'query_type_m1': 'Tesla Model Y', 'source_m1': 'Autocar', 'author_m1': 'Autocar', 'title_m1': 'The 10 most reliable car brands - and the 10 LEAST', 'description_m1': "We recently reported the latest results from the reliability survey from our sister magazine What Car?, highlighting the car models we believe are the most reliable - and the cars that are least reliable.\r\n\n\r\n\nIn this story, we're looking at the car brands th…", 'url_m1': 'https://www.autocar.co.uk/car-news/slideshow/10-most-reliable-car-brands-and-10-least-79', 'published_at_m1': datetime.datetime(2026, 5, 19, 0, 28, 7, tzinfo=datetime.timezone.utc), 'collected_at_m1': datetime.datetime(2026, 5, 31, 2, 7, 6, 644278, tzinfo=datetime.timezone.utc), 'compound_m1': 0.0, 'positive_score_m1': 0.0, 'negative_score_m1': 0.0, 'neutral_score_m1': 1.0, 'sentiment_label_m1': 'neutral', 'article_id_m2': '42539b1668a02d9d17a3', 'brand_m2': 'Tesla', 'query_type_m2': 'Tesla Model Y', 'source_m2': 'Autocar', 'author_m2': 'Autocar', 'title_m2': 'The 10 most reliable car brands - and the 10 LEAST', 'description_m2': "We recently reported the latest results from the reliability survey from our sister magazine What Car?, highlighting the car models we believe are the most reliable - and the cars that are least reliable.\r\n\n\r\n\nIn this story, we're looking at the car brands th…", 'url_m2': 'https://www.autocar.co.uk/car-news/slideshow/10-most-reliable-car-brands-and-10-least-78', 'published_at_m2': datetime.datetime(2026, 5, 19, 0, 28, 6, tzinfo=datetime.timezone.utc), 'collected_at_m2': datetime.datetime(2026, 5, 31, 2, 7, 6, 644321, tzinfo=datetime.timezone.utc), 'compound_m2': 0.0, 'positive_score_m2': 0.0, 'negative_score_m2': 0.0, 'neutral_score_m2': 1.0, 'sentiment_label_m2': 'neutral', 'article_id_m3': '3be3dcbfa6b0793c33f6', 'brand_m3': 'Tesla', 'query_type_m3': 'Tesla Model Y', 'source_m3': 'Autocar', 'author_m3': 'Autocar' ... 1400 parameters truncated ... 'compound_m96': 0.0, 'positive_score_m96': 0.0, 'negative_score_m96': 0.0, 'neutral_score_m96': 1.0, 'sentiment_label_m96': 'neutral', 'article_id_m97': '4df2137c97a0dacb81cd', 'brand_m97': 'Hyundai', 'query_type_m97': 'Hyundai Ioniq', 'source_m97': 'AutoExpress', 'author_m97': 'Tom Jervis', 'title_m97': 'Three-car garage: Vauxhall Insignia, Fiat 124 Spider and Hyundai Ioniq Electric for £30k', 'description_m97': 'New cars are getting insanely expensive; we find three cars to fit every scenario for less than a base Kia Sportage', 'url_m97': 'https://www.autoexpress.co.uk/features/369651/three-car-garage-vauxhall-insignia-fiat-124-spider-and-hyundai-ioniq-electric-ps30k', 'published_at_m97': datetime.datetime(2026, 5, 24, 11, 8, 35, tzinfo=datetime.timezone.utc), 'collected_at_m97': datetime.datetime(2026, 5, 31, 2, 7, 6, 654802, tzinfo=datetime.timezone.utc), 'compound_m97': -0.4019, 'positive_score_m97': 0.065, 'negative_score_m97': 0.109, 'neutral_score_m97': 0.827, 'sentiment_label_m97': 'negative', 'article_id_m98': 'cf62b9a411731896bd82', 'brand_m98': 'Hyundai', 'query_type_m98': 'Hyundai Ioniq', 'source_m98': 'Freerepublic.com', 'author_m98': 'INSIDEEVS', 'title_m98': 'I Love EVs, But Kia and Hyundai Are Making That Harder', 'description_m98': 'My family leased a Kia EV9 and a Hyundai Ioniq 5. It shows your mileage may vary in even the most critically acclaimed electric cars. ...“Later that day” ended up taking much longer. The service center did not have the car ready until the end of the day on Ja…', 'url_m98': 'https://freerepublic.com/focus/f-chat/4380635/posts', 'published_at_m98': datetime.datetime(2026, 5, 23, 15, 11, 4, tzinfo=datetime.timezone.utc), 'collected_at_m98': datetime.datetime(2026, 5, 31, 2, 7, 6, 654899, tzinfo=datetime.timezone.utc), 'compound_m98': -0.8294, 'positive_score_m98': 0.079, 'negative_score_m98': 0.156, 'neutral_score_m98': 0.766, 'sentiment_label_m98': 'negative', 'article_id_m99': '232c7efdd6007ecc4a7e', 'brand_m99': 'Hyundai', 'query_type_m99': 'Hyundai Ioniq', 'source_m99': 'PRNewswire', 'author_m99': 'Unknown', 'title_m99': "Hyundai Marks 10th Annual National Salute to America's Heroes with $100,000 Donation to Folds of Honor", 'description_m99': "Memorial Day Weekend event returns to Miami Beach May 23–24, 2026, featuring the Hyundai Air & Sea Show Celebration coincides with Hyundai's 40 years in America and the nation's 250th anniversary Hyundai strengthens support for military and veteran communitie…", 'url_m99': 'https://www.prnewswire.com/news-releases/hyundai-marks-10th-annual-national-salute-to-americas-heroes-with-100-000-donation-to-folds-of-honor-302780566.html', 'published_at_m99': datetime.datetime(2026, 5, 23, 1, 31, tzinfo=datetime.timezone.utc), 'collected_at_m99': datetime.datetime(2026, 5, 31, 2, 7, 6, 655003, tzinfo=datetime.timezone.utc), 'compound_m99': 0.9042, 'positive_score_m99': 0.193, 'negative_score_m99': 0.0, 'neutral_score_m99': 0.807, 'sentiment_label_m99': 'positive'}]
(Background on this error at: https://sqlalche.me/e/20/9h9h)
2026-05-30 22:20:01  [INFO]  ============================================================
2026-05-30 22:20:01  [INFO]  TESLA EV BRAND SENTIMENT ETL PIPELINE - START
2026-05-30 22:20:01  [INFO]  Run timestamp: 2026-05-31T02:20:01.926543+00:00
2026-05-30 22:20:01  [INFO]  ============================================================
2026-05-30 22:20:01  [INFO]  Initializing clients...
2026-05-30 22:20:01  [INFO]    NewsAPI client initialized
2026-05-30 22:20:01  [INFO]    Supabase engine initialized
2026-05-30 22:20:02  [INFO]    Supabase connection test: OK
2026-05-30 22:20:02  [INFO]  ============================================================
2026-05-30 22:20:02  [INFO]  STAGE 1: EXTRACTION
2026-05-30 22:20:02  [INFO]  ============================================================
2026-05-30 22:20:02  [INFO]  Fetching articles for brand: Tesla
2026-05-30 22:20:03  [INFO]    [Tesla electric car] -> 95 articles
2026-05-30 22:20:03  [INFO]    [Elon Musk] -> 92 articles
2026-05-30 22:20:04  [INFO]    [Tesla Model 3] -> 97 articles
2026-05-30 22:20:05  [INFO]    [Tesla Model Y] -> 97 articles
2026-05-30 22:20:05  [INFO]    [Tesla Cybertruck] -> 94 articles
2026-05-30 22:20:05  [INFO]  Fetching articles for brand: Hyundai
2026-05-30 22:20:06  [INFO]    [Hyundai Ioniq] -> 95 articles
2026-05-30 22:20:06  [INFO]    [Hyundai Ioniq 5] -> 79 articles
2026-05-30 22:20:07  [INFO]    [Hyundai EV] -> 98 articles
2026-05-30 22:20:07  [INFO]  Fetching articles for brand: Rivian
2026-05-30 22:20:07  [INFO]    [Rivian electric] -> 94 articles
2026-05-30 22:20:07  [INFO]    [Rivian R1T] -> 23 articles
2026-05-30 22:20:07  [INFO]    [Rivian R1S] -> 27 articles
2026-05-30 22:20:07  [INFO]  Fetching articles for brand: Ford EV
2026-05-30 22:20:08  [INFO]    [Ford Mustang Mach-E] -> 22 articles
2026-05-30 22:20:08  [INFO]    [Ford electric vehicle] -> 98 articles
2026-05-30 22:20:08  [INFO]  Fetching articles for brand: BYD
2026-05-30 22:20:09  [INFO]    [BYD electric car] -> 91 articles
2026-05-30 22:20:09  [INFO]    [BYD EV] -> 96 articles
2026-05-30 22:20:09  [INFO]  Extraction complete. Total raw articles: 1198
2026-05-30 22:20:09  [INFO]  ============================================================
2026-05-30 22:20:09  [INFO]  STAGE 2: TRANSFORMATION & CLEANING
2026-05-30 22:20:09  [INFO]  ============================================================
2026-05-30 22:20:10  [INFO]  Transformation complete. Clean articles: 1198
2026-05-30 22:20:10  [INFO]  ============================================================
2026-05-30 22:20:10  [INFO]  STAGE 3: DATA VALIDATION & QUALITY CHECKS
2026-05-30 22:20:10  [INFO]  ============================================================
2026-05-30 22:20:10  [INFO]    [PASS] Row count: 1198 rows
2026-05-30 22:20:10  [INFO]    [PASS] Schema check: All required columns present
2026-05-30 22:20:10  [INFO]    [PASS] No nulls in article_id
2026-05-30 22:20:10  [INFO]    [PASS] No nulls in brand
2026-05-30 22:20:10  [INFO]    [PASS] No nulls in title
2026-05-30 22:20:10  [INFO]    [PASS] No nulls in url
2026-05-30 22:20:10  [INFO]    [PASS] No nulls in published_at
2026-05-30 22:20:10  [INFO]    [PASS] No nulls in sentiment_label
2026-05-30 22:20:10  [WARNING]    [WARN] 437 duplicate URLs - removing
2026-05-30 22:20:10  [INFO]    Deduplicated. Remaining rows: 761
2026-05-30 22:20:10  [INFO]    [PASS] No duplicate article_ids
2026-05-30 22:20:10  [INFO]    [PASS] All compound scores within [-1.0, 1.0]
2026-05-30 22:20:10  [INFO]    [PASS] All sentiment labels valid
2026-05-30 22:20:10  [INFO]    [PASS] All 5 brands present
2026-05-30 22:20:10  [INFO]    [INFO] Date range: 2026-04-30 to 2026-05-30
2026-05-30 22:20:10  [INFO]  Validation complete. ALL CHECKS PASSED
2026-05-30 22:20:10  [INFO]  Sentiment breakdown:
2026-05-30 22:20:10  [INFO]    positive: 384 (50.5%)
2026-05-30 22:20:10  [INFO]    negative: 234 (30.7%)
2026-05-30 22:20:10  [INFO]    neutral: 143 (18.8%)
2026-05-30 22:20:10  [INFO]  ============================================================
2026-05-30 22:20:10  [INFO]  STAGE 4: DATABASE LOADING (INCREMENTAL)
2026-05-30 22:20:10  [INFO]  ============================================================
2026-05-30 22:20:10  [INFO]    Table tesla_sentiment.articles confirmed
2026-05-30 22:20:10  [INFO]    Existing articles in DB: 178
2026-05-30 22:20:10  [INFO]    New articles to insert: 583
2026-05-30 22:20:10  [ERROR]    DATABASE ERROR: (psycopg2.errors.StringDataRightTruncation) value too long for type character varying(200)

[SQL: INSERT INTO tesla_sentiment.articles (article_id, brand, query_type, source, author, title, description, url, published_at, collected_at, compound, positive_score, negative_score, neutral_score, sentiment_label) VALUES (%(article_id_m0)s, %(brand_m0)s, %(query_type_m0)s, %(source_m0)s, %(author_m0)s, %(title_m0)s, %(description_m0)s, %(url_m0)s, %(published_at_m0)s, %(collected_at_m0)s, %(compound_m0)s, %(positive_score_m0)s, %(negative_score_m0)s, %(neutral_score_m0)s, %(sentiment_label_m0)s), (%(article_id_m1)s, %(brand_m1)s, %(query_type_m1)s, %(source_m1)s, %(author_m1)s, %(title_m1)s, %(description_m1)s, %(url_m1)s, %(published_at_m1)s, %(collected_at_m1)s, %(compound_m1)s, %(positive_score_m1)s, %(negative_score_m1)s, %(neutral_score_m1)s, %(sentiment_label_m1)s), (%(article_id_m2)s, %(brand_m2)s, %(query_type_m2)s, %(source_m2)s, %(author_m2)s, %(title_m2)s, %(description_m2)s, %(url_m2)s, %(published_at_m2)s, %(collected_at_m2)s, %(compound_m2)s, %(positive_score_m2)s, %(negative_score_m2)s, %(neutral_score_m2)s, %(sentiment_label_m2)s), (%(article_id_m3)s, %(brand_m3)s, %(query_type_m3)s, %(source_m3)s, %(author_m3)s, %(title_m3)s, %(description_m3)s, %(url_m3)s, %(published_at_m3)s, %(collected_at_m3)s, %(compound_m3)s, %(positive_score_m3)s, %(negative_score_m3)s, %(neutral_score_m3)s, %(sentiment_label_m3)s), (%(article_id_m4)s, %(brand_m4)s, %(query_type_m4)s, %(source_m4)s, %(author_m4)s, %(title_m4)s, %(description_m4)s, %(url_m4)s, %(published_at_m4)s, %(collected_at_m4)s, %(compound_m4)s, %(positive_score_m4)s, %(negative_score_m4)s, %(neutral_score_m4)s, %(sentiment_label_m4)s), (%(article_id_m5)s, %(brand_m5)s, %(query_type_m5)s, %(source_m5)s, %(author_m5)s, %(title_m5)s, %(description_m5)s, %(url_m5)s, %(published_at_m5)s, %(collected_at_m5)s, %(compound_m5)s, %(positive_score_m5)s, %(negative_score_m5)s, %(neutral_score_m5)s, %(sentiment_label_m5)s), (%(article_id_m6)s, %(brand_m6)s, %(query_type_m6)s, %(source_m6)s, %(author_m6)s, %(title_m6)s, %(description_m6)s, %(url_m6)s, %(published_at_m6)s, %(collected_at_m6)s, %(compound_m6)s, %(positive_score_m6)s, %(negative_score_m6)s, %(neutral_score_m6)s, %(sentiment_label_m6)s), (%(article_id_m7)s, %(brand_m7)s, %(query_type_m7)s, %(source_m7)s, %(author_m7)s, %(title_m7)s, %(description_m7)s, %(url_m7)s, %(published_at_m7)s, %(collected_at_m7)s, %(compound_m7)s, %(positive_score_m7)s, %(negative_score_m7)s, %(neutral_score_m7)s, %(sentiment_label_m7)s), (%(article_id_m8)s, %(brand_m8)s, %(query_type_m8)s, %(source_m8)s, %(author_m8)s, %(title_m8)s, %(description_m8)s, %(url_m8)s, %(published_at_m8)s, %(collected_at_m8)s, %(compound_m8)s, %(positive_score_m8)s, %(negative_score_m8)s, %(neutral_score_m8)s, %(sentiment_label_m8)s), (%(article_id_m9)s, %(brand_m9)s, %(query_type_m9)s, %(source_m9)s, %(author_m9)s, %(title_m9)s, %(description_m9)s, %(url_m9)s, %(published_at_m9)s, %(collected_at_m9)s, %(compound_m9)s, %(positive_score_m9)s, %(negative_score_m9)s, %(neutral_score_m9)s, %(sentiment_label_m9)s), (%(article_id_m10)s, %(brand_m10)s, %(query_type_m10)s, %(source_m10)s, %(author_m10)s, %(title_m10)s, %(description_m10)s, %(url_m10)s, %(published_at_m10)s, %(collected_at_m10)s, %(compound_m10)s, %(positive_score_m10)s, %(negative_score_m10)s, %(neutral_score_m10)s, %(sentiment_label_m10)s), (%(article_id_m11)s, %(brand_m11)s, %(query_type_m11)s, %(source_m11)s, %(author_m11)s, %(title_m11)s, %(description_m11)s, %(url_m11)s, %(published_at_m11)s, %(collected_at_m11)s, %(compound_m11)s, %(positive_score_m11)s, %(negative_score_m11)s, %(neutral_score_m11)s, %(sentiment_label_m11)s), (%(article_id_m12)s, %(brand_m12)s, %(query_type_m12)s, %(source_m12)s, %(author_m12)s, %(title_m12)s, %(description_m12)s, %(url_m12)s, %(published_at_m12)s, %(collected_at_m12)s, %(compound_m12)s, %(positive_score_m12)s, %(negative_score_m12)s, %(neutral_score_m12)s, %(sentiment_label_m12)s), (%(article_id_m13)s, %(brand_m13)s, %(query_type_m13)s, %(source_m13)s, %(author_m13)s, %(title_m13)s, %(description_m13)s, %(url_m13)s, %(published_at_m13)s, %(collected_at_m13)s, %(compound_m13)s, %(positive_score_m13)s, %(negative_score_m13)s, %(neutral_score_m13)s, %(sentiment_label_m13)s), (%(article_id_m14)s, %(brand_m14)s, %(query_type_m14)s, %(source_m14)s, %(author_m14)s, %(title_m14)s, %(description_m14)s, %(url_m14)s, %(published_at_m14)s, %(collected_at_m14)s, %(compound_m14)s, %(positive_score_m14)s, %(negative_score_m14)s, %(neutral_score_m14)s, %(sentiment_label_m14)s), (%(article_id_m15)s, %(brand_m15)s, %(query_type_m15)s, %(source_m15)s, %(author_m15)s, %(title_m15)s, %(description_m15)s, %(url_m15)s, %(published_at_m15)s, %(collected_at_m15)s, %(compound_m15)s, %(positive_score_m15)s, %(negative_score_m15)s, %(neutral_score_m15)s, %(sentiment_label_m15)s), (%(article_id_m16)s, %(brand_m16)s, %(query_type_m16)s, %(source_m16)s, %(author_m16)s, %(title_m16)s, %(description_m16)s, %(url_m16)s, %(published_at_m16)s, %(collected_at_m16)s, %(compound_m16)s, %(positive_score_m16)s, %(negative_score_m16)s, %(neutral_score_m16)s, %(sentiment_label_m16)s), (%(article_id_m17)s, %(brand_m17)s, %(query_type_m17)s, %(source_m17)s, %(author_m17)s, %(title_m17)s, %(description_m17)s, %(url_m17)s, %(published_at_m17)s, %(collected_at_m17)s, %(compound_m17)s, %(positive_score_m17)s, %(negative_score_m17)s, %(neutral_score_m17)s, %(sentiment_label_m17)s), (%(article_id_m18)s, %(brand_m18)s, %(query_type_m18)s, %(source_m18)s, %(author_m18)s, %(title_m18)s, %(description_m18)s, %(url_m18)s, %(published_at_m18)s, %(collected_at_m18)s, %(compound_m18)s, %(positive_score_m18)s, %(negative_score_m18)s, %(neutral_score_m18)s, %(sentiment_label_m18)s), (%(article_id_m19)s, %(brand_m19)s, %(query_type_m19)s, %(source_m19)s, %(author_m19)s, %(title_m19)s, %(description_m19)s, %(url_m19)s, %(published_at_m19)s, %(collected_at_m19)s, %(compound_m19)s, %(positive_score_m19)s, %(negative_score_m19)s, %(neutral_score_m19)s, %(sentiment_label_m19)s), (%(article_id_m20)s, %(brand_m20)s, %(query_type_m20)s, %(source_m20)s, %(author_m20)s, %(title_m20)s, %(description_m20)s, %(url_m20)s, %(published_at_m20)s, %(collected_at_m20)s, %(compound_m20)s, %(positive_score_m20)s, %(negative_score_m20)s, %(neutral_score_m20)s, %(sentiment_label_m20)s), (%(article_id_m21)s, %(brand_m21)s, %(query_type_m21)s, %(source_m21)s, %(author_m21)s, %(title_m21)s, %(description_m21)s, %(url_m21)s, %(published_at_m21)s, %(collected_at_m21)s, %(compound_m21)s, %(positive_score_m21)s, %(negative_score_m21)s, %(neutral_score_m21)s, %(sentiment_label_m21)s), (%(article_id_m22)s, %(brand_m22)s, %(query_type_m22)s, %(source_m22)s, %(author_m22)s, %(title_m22)s, %(description_m22)s, %(url_m22)s, %(published_at_m22)s, %(collected_at_m22)s, %(compound_m22)s, %(positive_score_m22)s, %(negative_score_m22)s, %(neutral_score_m22)s, %(sentiment_label_m22)s), (%(article_id_m23)s, %(brand_m23)s, %(query_type_m23)s, %(source_m23)s, %(author_m23)s, %(title_m23)s, %(description_m23)s, %(url_m23)s, %(published_at_m23)s, %(collected_at_m23)s, %(compound_m23)s, %(positive_score_m23)s, %(negative_score_m23)s, %(neutral_score_m23)s, %(sentiment_label_m23)s), (%(article_id_m24)s, %(brand_m24)s, %(query_type_m24)s, %(source_m24)s, %(author_m24)s, %(title_m24)s, %(description_m24)s, %(url_m24)s, %(published_at_m24)s, %(collected_at_m24)s, %(compound_m24)s, %(positive_score_m24)s, %(negative_score_m24)s, %(neutral_score_m24)s, %(sentiment_label_m24)s), (%(article_id_m25)s, %(brand_m25)s, %(query_type_m25)s, %(source_m25)s, %(author_m25)s, %(title_m25)s, %(description_m25)s, %(url_m25)s, %(published_at_m25)s, %(collected_at_m25)s, %(compound_m25)s, %(positive_score_m25)s, %(negative_score_m25)s, %(neutral_score_m25)s, %(sentiment_label_m25)s), (%(article_id_m26)s, %(brand_m26)s, %(query_type_m26)s, %(source_m26)s, %(author_m26)s, %(title_m26)s, %(description_m26)s, %(url_m26)s, %(published_at_m26)s, %(collected_at_m26)s, %(compound_m26)s, %(positive_score_m26)s, %(negative_score_m26)s, %(neutral_score_m26)s, %(sentiment_label_m26)s), (%(article_id_m27)s, %(brand_m27)s, %(query_type_m27)s, %(source_m27)s, %(author_m27)s, %(title_m27)s, %(description_m27)s, %(url_m27)s, %(published_at_m27)s, %(collected_at_m27)s, %(compound_m27)s, %(positive_score_m27)s, %(negative_score_m27)s, %(neutral_score_m27)s, %(sentiment_label_m27)s), (%(article_id_m28)s, %(brand_m28)s, %(query_type_m28)s, %(source_m28)s, %(author_m28)s, %(title_m28)s, %(description_m28)s, %(url_m28)s, %(published_at_m28)s, %(collected_at_m28)s, %(compound_m28)s, %(positive_score_m28)s, %(negative_score_m28)s, %(neutral_score_m28)s, %(sentiment_label_m28)s), (%(article_id_m29)s, %(brand_m29)s, %(query_type_m29)s, %(source_m29)s, %(author_m29)s, %(title_m29)s, %(description_m29)s, %(url_m29)s, %(published_at_m29)s, %(collected_at_m29)s, %(compound_m29)s, %(positive_score_m29)s, %(negative_score_m29)s, %(neutral_score_m29)s, %(sentiment_label_m29)s), (%(article_id_m30)s, %(brand_m30)s, %(query_type_m30)s, %(source_m30)s, %(author_m30)s, %(title_m30)s, %(description_m30)s, %(url_m30)s, %(published_at_m30)s, %(collected_at_m30)s, %(compound_m30)s, %(positive_score_m30)s, %(negative_score_m30)s, %(neutral_score_m30)s, %(sentiment_label_m30)s), (%(article_id_m31)s, %(brand_m31)s, %(query_type_m31)s, %(source_m31)s, %(author_m31)s, %(title_m31)s, %(description_m31)s, %(url_m31)s, %(published_at_m31)s, %(collected_at_m31)s, %(compound_m31)s, %(positive_score_m31)s, %(negative_score_m31)s, %(neutral_score_m31)s, %(sentiment_label_m31)s), (%(article_id_m32)s, %(brand_m32)s, %(query_type_m32)s, %(source_m32)s, %(author_m32)s, %(title_m32)s, %(description_m32)s, %(url_m32)s, %(published_at_m32)s, %(collected_at_m32)s, %(compound_m32)s, %(positive_score_m32)s, %(negative_score_m32)s, %(neutral_score_m32)s, %(sentiment_label_m32)s), (%(article_id_m33)s, %(brand_m33)s, %(query_type_m33)s, %(source_m33)s, %(author_m33)s, %(title_m33)s, %(description_m33)s, %(url_m33)s, %(published_at_m33)s, %(collected_at_m33)s, %(compound_m33)s, %(positive_score_m33)s, %(negative_score_m33)s, %(neutral_score_m33)s, %(sentiment_label_m33)s), (%(article_id_m34)s, %(brand_m34)s, %(query_type_m34)s, %(source_m34)s, %(author_m34)s, %(title_m34)s, %(description_m34)s, %(url_m34)s, %(published_at_m34)s, %(collected_at_m34)s, %(compound_m34)s, %(positive_score_m34)s, %(negative_score_m34)s, %(neutral_score_m34)s, %(sentiment_label_m34)s), (%(article_id_m35)s, %(brand_m35)s, %(query_type_m35)s, %(source_m35)s, %(author_m35)s, %(title_m35)s, %(description_m35)s, %(url_m35)s, %(published_at_m35)s, %(collected_at_m35)s, %(compound_m35)s, %(positive_score_m35)s, %(negative_score_m35)s, %(neutral_score_m35)s, %(sentiment_label_m35)s), (%(article_id_m36)s, %(brand_m36)s, %(query_type_m36)s, %(source_m36)s, %(author_m36)s, %(title_m36)s, %(description_m36)s, %(url_m36)s, %(published_at_m36)s, %(collected_at_m36)s, %(compound_m36)s, %(positive_score_m36)s, %(negative_score_m36)s, %(neutral_score_m36)s, %(sentiment_label_m36)s), (%(article_id_m37)s, %(brand_m37)s, %(query_type_m37)s, %(source_m37)s, %(author_m37)s, %(title_m37)s, %(description_m37)s, %(url_m37)s, %(published_at_m37)s, %(collected_at_m37)s, %(compound_m37)s, %(positive_score_m37)s, %(negative_score_m37)s, %(neutral_score_m37)s, %(sentiment_label_m37)s), (%(article_id_m38)s, %(brand_m38)s, %(query_type_m38)s, %(source_m38)s, %(author_m38)s, %(title_m38)s, %(description_m38)s, %(url_m38)s, %(published_at_m38)s, %(collected_at_m38)s, %(compound_m38)s, %(positive_score_m38)s, %(negative_score_m38)s, %(neutral_score_m38)s, %(sentiment_label_m38)s), (%(article_id_m39)s, %(brand_m39)s, %(query_type_m39)s, %(source_m39)s, %(author_m39)s, %(title_m39)s, %(description_m39)s, %(url_m39)s, %(published_at_m39)s, %(collected_at_m39)s, %(compound_m39)s, %(positive_score_m39)s, %(negative_score_m39)s, %(neutral_score_m39)s, %(sentiment_label_m39)s), (%(article_id_m40)s, %(brand_m40)s, %(query_type_m40)s, %(source_m40)s, %(author_m40)s, %(title_m40)s, %(description_m40)s, %(url_m40)s, %(published_at_m40)s, %(collected_at_m40)s, %(compound_m40)s, %(positive_score_m40)s, %(negative_score_m40)s, %(neutral_score_m40)s, %(sentiment_label_m40)s), (%(article_id_m41)s, %(brand_m41)s, %(query_type_m41)s, %(source_m41)s, %(author_m41)s, %(title_m41)s, %(description_m41)s, %(url_m41)s, %(published_at_m41)s, %(collected_at_m41)s, %(compound_m41)s, %(positive_score_m41)s, %(negative_score_m41)s, %(neutral_score_m41)s, %(sentiment_label_m41)s), (%(article_id_m42)s, %(brand_m42)s, %(query_type_m42)s, %(source_m42)s, %(author_m42)s, %(title_m42)s, %(description_m42)s, %(url_m42)s, %(published_at_m42)s, %(collected_at_m42)s, %(compound_m42)s, %(positive_score_m42)s, %(negative_score_m42)s, %(neutral_score_m42)s, %(sentiment_label_m42)s), (%(article_id_m43)s, %(brand_m43)s, %(query_type_m43)s, %(source_m43)s, %(author_m43)s, %(title_m43)s, %(description_m43)s, %(url_m43)s, %(published_at_m43)s, %(collected_at_m43)s, %(compound_m43)s, %(positive_score_m43)s, %(negative_score_m43)s, %(neutral_score_m43)s, %(sentiment_label_m43)s), (%(article_id_m44)s, %(brand_m44)s, %(query_type_m44)s, %(source_m44)s, %(author_m44)s, %(title_m44)s, %(description_m44)s, %(url_m44)s, %(published_at_m44)s, %(collected_at_m44)s, %(compound_m44)s, %(positive_score_m44)s, %(negative_score_m44)s, %(neutral_score_m44)s, %(sentiment_label_m44)s), (%(article_id_m45)s, %(brand_m45)s, %(query_type_m45)s, %(source_m45)s, %(author_m45)s, %(title_m45)s, %(description_m45)s, %(url_m45)s, %(published_at_m45)s, %(collected_at_m45)s, %(compound_m45)s, %(positive_score_m45)s, %(negative_score_m45)s, %(neutral_score_m45)s, %(sentiment_label_m45)s), (%(article_id_m46)s, %(brand_m46)s, %(query_type_m46)s, %(source_m46)s, %(author_m46)s, %(title_m46)s, %(description_m46)s, %(url_m46)s, %(published_at_m46)s, %(collected_at_m46)s, %(compound_m46)s, %(positive_score_m46)s, %(negative_score_m46)s, %(neutral_score_m46)s, %(sentiment_label_m46)s), (%(article_id_m47)s, %(brand_m47)s, %(query_type_m47)s, %(source_m47)s, %(author_m47)s, %(title_m47)s, %(description_m47)s, %(url_m47)s, %(published_at_m47)s, %(collected_at_m47)s, %(compound_m47)s, %(positive_score_m47)s, %(negative_score_m47)s, %(neutral_score_m47)s, %(sentiment_label_m47)s), (%(article_id_m48)s, %(brand_m48)s, %(query_type_m48)s, %(source_m48)s, %(author_m48)s, %(title_m48)s, %(description_m48)s, %(url_m48)s, %(published_at_m48)s, %(collected_at_m48)s, %(compound_m48)s, %(positive_score_m48)s, %(negative_score_m48)s, %(neutral_score_m48)s, %(sentiment_label_m48)s), (%(article_id_m49)s, %(brand_m49)s, %(query_type_m49)s, %(source_m49)s, %(author_m49)s, %(title_m49)s, %(description_m49)s, %(url_m49)s, %(published_at_m49)s, %(collected_at_m49)s, %(compound_m49)s, %(positive_score_m49)s, %(negative_score_m49)s, %(neutral_score_m49)s, %(sentiment_label_m49)s), (%(article_id_m50)s, %(brand_m50)s, %(query_type_m50)s, %(source_m50)s, %(author_m50)s, %(title_m50)s, %(description_m50)s, %(url_m50)s, %(published_at_m50)s, %(collected_at_m50)s, %(compound_m50)s, %(positive_score_m50)s, %(negative_score_m50)s, %(neutral_score_m50)s, %(sentiment_label_m50)s), (%(article_id_m51)s, %(brand_m51)s, %(query_type_m51)s, %(source_m51)s, %(author_m51)s, %(title_m51)s, %(description_m51)s, %(url_m51)s, %(published_at_m51)s, %(collected_at_m51)s, %(compound_m51)s, %(positive_score_m51)s, %(negative_score_m51)s, %(neutral_score_m51)s, %(sentiment_label_m51)s), (%(article_id_m52)s, %(brand_m52)s, %(query_type_m52)s, %(source_m52)s, %(author_m52)s, %(title_m52)s, %(description_m52)s, %(url_m52)s, %(published_at_m52)s, %(collected_at_m52)s, %(compound_m52)s, %(positive_score_m52)s, %(negative_score_m52)s, %(neutral_score_m52)s, %(sentiment_label_m52)s), (%(article_id_m53)s, %(brand_m53)s, %(query_type_m53)s, %(source_m53)s, %(author_m53)s, %(title_m53)s, %(description_m53)s, %(url_m53)s, %(published_at_m53)s, %(collected_at_m53)s, %(compound_m53)s, %(positive_score_m53)s, %(negative_score_m53)s, %(neutral_score_m53)s, %(sentiment_label_m53)s), (%(article_id_m54)s, %(brand_m54)s, %(query_type_m54)s, %(source_m54)s, %(author_m54)s, %(title_m54)s, %(description_m54)s, %(url_m54)s, %(published_at_m54)s, %(collected_at_m54)s, %(compound_m54)s, %(positive_score_m54)s, %(negative_score_m54)s, %(neutral_score_m54)s, %(sentiment_label_m54)s), (%(article_id_m55)s, %(brand_m55)s, %(query_type_m55)s, %(source_m55)s, %(author_m55)s, %(title_m55)s, %(description_m55)s, %(url_m55)s, %(published_at_m55)s, %(collected_at_m55)s, %(compound_m55)s, %(positive_score_m55)s, %(negative_score_m55)s, %(neutral_score_m55)s, %(sentiment_label_m55)s), (%(article_id_m56)s, %(brand_m56)s, %(query_type_m56)s, %(source_m56)s, %(author_m56)s, %(title_m56)s, %(description_m56)s, %(url_m56)s, %(published_at_m56)s, %(collected_at_m56)s, %(compound_m56)s, %(positive_score_m56)s, %(negative_score_m56)s, %(neutral_score_m56)s, %(sentiment_label_m56)s), (%(article_id_m57)s, %(brand_m57)s, %(query_type_m57)s, %(source_m57)s, %(author_m57)s, %(title_m57)s, %(description_m57)s, %(url_m57)s, %(published_at_m57)s, %(collected_at_m57)s, %(compound_m57)s, %(positive_score_m57)s, %(negative_score_m57)s, %(neutral_score_m57)s, %(sentiment_label_m57)s), (%(article_id_m58)s, %(brand_m58)s, %(query_type_m58)s, %(source_m58)s, %(author_m58)s, %(title_m58)s, %(description_m58)s, %(url_m58)s, %(published_at_m58)s, %(collected_at_m58)s, %(compound_m58)s, %(positive_score_m58)s, %(negative_score_m58)s, %(neutral_score_m58)s, %(sentiment_label_m58)s), (%(article_id_m59)s, %(brand_m59)s, %(query_type_m59)s, %(source_m59)s, %(author_m59)s, %(title_m59)s, %(description_m59)s, %(url_m59)s, %(published_at_m59)s, %(collected_at_m59)s, %(compound_m59)s, %(positive_score_m59)s, %(negative_score_m59)s, %(neutral_score_m59)s, %(sentiment_label_m59)s), (%(article_id_m60)s, %(brand_m60)s, %(query_type_m60)s, %(source_m60)s, %(author_m60)s, %(title_m60)s, %(description_m60)s, %(url_m60)s, %(published_at_m60)s, %(collected_at_m60)s, %(compound_m60)s, %(positive_score_m60)s, %(negative_score_m60)s, %(neutral_score_m60)s, %(sentiment_label_m60)s), (%(article_id_m61)s, %(brand_m61)s, %(query_type_m61)s, %(source_m61)s, %(author_m61)s, %(title_m61)s, %(description_m61)s, %(url_m61)s, %(published_at_m61)s, %(collected_at_m61)s, %(compound_m61)s, %(positive_score_m61)s, %(negative_score_m61)s, %(neutral_score_m61)s, %(sentiment_label_m61)s), (%(article_id_m62)s, %(brand_m62)s, %(query_type_m62)s, %(source_m62)s, %(author_m62)s, %(title_m62)s, %(description_m62)s, %(url_m62)s, %(published_at_m62)s, %(collected_at_m62)s, %(compound_m62)s, %(positive_score_m62)s, %(negative_score_m62)s, %(neutral_score_m62)s, %(sentiment_label_m62)s), (%(article_id_m63)s, %(brand_m63)s, %(query_type_m63)s, %(source_m63)s, %(author_m63)s, %(title_m63)s, %(description_m63)s, %(url_m63)s, %(published_at_m63)s, %(collected_at_m63)s, %(compound_m63)s, %(positive_score_m63)s, %(negative_score_m63)s, %(neutral_score_m63)s, %(sentiment_label_m63)s), (%(article_id_m64)s, %(brand_m64)s, %(query_type_m64)s, %(source_m64)s, %(author_m64)s, %(title_m64)s, %(description_m64)s, %(url_m64)s, %(published_at_m64)s, %(collected_at_m64)s, %(compound_m64)s, %(positive_score_m64)s, %(negative_score_m64)s, %(neutral_score_m64)s, %(sentiment_label_m64)s), (%(article_id_m65)s, %(brand_m65)s, %(query_type_m65)s, %(source_m65)s, %(author_m65)s, %(title_m65)s, %(description_m65)s, %(url_m65)s, %(published_at_m65)s, %(collected_at_m65)s, %(compound_m65)s, %(positive_score_m65)s, %(negative_score_m65)s, %(neutral_score_m65)s, %(sentiment_label_m65)s), (%(article_id_m66)s, %(brand_m66)s, %(query_type_m66)s, %(source_m66)s, %(author_m66)s, %(title_m66)s, %(description_m66)s, %(url_m66)s, %(published_at_m66)s, %(collected_at_m66)s, %(compound_m66)s, %(positive_score_m66)s, %(negative_score_m66)s, %(neutral_score_m66)s, %(sentiment_label_m66)s), (%(article_id_m67)s, %(brand_m67)s, %(query_type_m67)s, %(source_m67)s, %(author_m67)s, %(title_m67)s, %(description_m67)s, %(url_m67)s, %(published_at_m67)s, %(collected_at_m67)s, %(compound_m67)s, %(positive_score_m67)s, %(negative_score_m67)s, %(neutral_score_m67)s, %(sentiment_label_m67)s), (%(article_id_m68)s, %(brand_m68)s, %(query_type_m68)s, %(source_m68)s, %(author_m68)s, %(title_m68)s, %(description_m68)s, %(url_m68)s, %(published_at_m68)s, %(collected_at_m68)s, %(compound_m68)s, %(positive_score_m68)s, %(negative_score_m68)s, %(neutral_score_m68)s, %(sentiment_label_m68)s), (%(article_id_m69)s, %(brand_m69)s, %(query_type_m69)s, %(source_m69)s, %(author_m69)s, %(title_m69)s, %(description_m69)s, %(url_m69)s, %(published_at_m69)s, %(collected_at_m69)s, %(compound_m69)s, %(positive_score_m69)s, %(negative_score_m69)s, %(neutral_score_m69)s, %(sentiment_label_m69)s), (%(article_id_m70)s, %(brand_m70)s, %(query_type_m70)s, %(source_m70)s, %(author_m70)s, %(title_m70)s, %(description_m70)s, %(url_m70)s, %(published_at_m70)s, %(collected_at_m70)s, %(compound_m70)s, %(positive_score_m70)s, %(negative_score_m70)s, %(neutral_score_m70)s, %(sentiment_label_m70)s), (%(article_id_m71)s, %(brand_m71)s, %(query_type_m71)s, %(source_m71)s, %(author_m71)s, %(title_m71)s, %(description_m71)s, %(url_m71)s, %(published_at_m71)s, %(collected_at_m71)s, %(compound_m71)s, %(positive_score_m71)s, %(negative_score_m71)s, %(neutral_score_m71)s, %(sentiment_label_m71)s), (%(article_id_m72)s, %(brand_m72)s, %(query_type_m72)s, %(source_m72)s, %(author_m72)s, %(title_m72)s, %(description_m72)s, %(url_m72)s, %(published_at_m72)s, %(collected_at_m72)s, %(compound_m72)s, %(positive_score_m72)s, %(negative_score_m72)s, %(neutral_score_m72)s, %(sentiment_label_m72)s), (%(article_id_m73)s, %(brand_m73)s, %(query_type_m73)s, %(source_m73)s, %(author_m73)s, %(title_m73)s, %(description_m73)s, %(url_m73)s, %(published_at_m73)s, %(collected_at_m73)s, %(compound_m73)s, %(positive_score_m73)s, %(negative_score_m73)s, %(neutral_score_m73)s, %(sentiment_label_m73)s), (%(article_id_m74)s, %(brand_m74)s, %(query_type_m74)s, %(source_m74)s, %(author_m74)s, %(title_m74)s, %(description_m74)s, %(url_m74)s, %(published_at_m74)s, %(collected_at_m74)s, %(compound_m74)s, %(positive_score_m74)s, %(negative_score_m74)s, %(neutral_score_m74)s, %(sentiment_label_m74)s), (%(article_id_m75)s, %(brand_m75)s, %(query_type_m75)s, %(source_m75)s, %(author_m75)s, %(title_m75)s, %(description_m75)s, %(url_m75)s, %(published_at_m75)s, %(collected_at_m75)s, %(compound_m75)s, %(positive_score_m75)s, %(negative_score_m75)s, %(neutral_score_m75)s, %(sentiment_label_m75)s), (%(article_id_m76)s, %(brand_m76)s, %(query_type_m76)s, %(source_m76)s, %(author_m76)s, %(title_m76)s, %(description_m76)s, %(url_m76)s, %(published_at_m76)s, %(collected_at_m76)s, %(compound_m76)s, %(positive_score_m76)s, %(negative_score_m76)s, %(neutral_score_m76)s, %(sentiment_label_m76)s), (%(article_id_m77)s, %(brand_m77)s, %(query_type_m77)s, %(source_m77)s, %(author_m77)s, %(title_m77)s, %(description_m77)s, %(url_m77)s, %(published_at_m77)s, %(collected_at_m77)s, %(compound_m77)s, %(positive_score_m77)s, %(negative_score_m77)s, %(neutral_score_m77)s, %(sentiment_label_m77)s), (%(article_id_m78)s, %(brand_m78)s, %(query_type_m78)s, %(source_m78)s, %(author_m78)s, %(title_m78)s, %(description_m78)s, %(url_m78)s, %(published_at_m78)s, %(collected_at_m78)s, %(compound_m78)s, %(positive_score_m78)s, %(negative_score_m78)s, %(neutral_score_m78)s, %(sentiment_label_m78)s), (%(article_id_m79)s, %(brand_m79)s, %(query_type_m79)s, %(source_m79)s, %(author_m79)s, %(title_m79)s, %(description_m79)s, %(url_m79)s, %(published_at_m79)s, %(collected_at_m79)s, %(compound_m79)s, %(positive_score_m79)s, %(negative_score_m79)s, %(neutral_score_m79)s, %(sentiment_label_m79)s), (%(article_id_m80)s, %(brand_m80)s, %(query_type_m80)s, %(source_m80)s, %(author_m80)s, %(title_m80)s, %(description_m80)s, %(url_m80)s, %(published_at_m80)s, %(collected_at_m80)s, %(compound_m80)s, %(positive_score_m80)s, %(negative_score_m80)s, %(neutral_score_m80)s, %(sentiment_label_m80)s), (%(article_id_m81)s, %(brand_m81)s, %(query_type_m81)s, %(source_m81)s, %(author_m81)s, %(title_m81)s, %(description_m81)s, %(url_m81)s, %(published_at_m81)s, %(collected_at_m81)s, %(compound_m81)s, %(positive_score_m81)s, %(negative_score_m81)s, %(neutral_score_m81)s, %(sentiment_label_m81)s), (%(article_id_m82)s, %(brand_m82)s, %(query_type_m82)s, %(source_m82)s, %(author_m82)s, %(title_m82)s, %(description_m82)s, %(url_m82)s, %(published_at_m82)s, %(collected_at_m82)s, %(compound_m82)s, %(positive_score_m82)s, %(negative_score_m82)s, %(neutral_score_m82)s, %(sentiment_label_m82)s), (%(article_id_m83)s, %(brand_m83)s, %(query_type_m83)s, %(source_m83)s, %(author_m83)s, %(title_m83)s, %(description_m83)s, %(url_m83)s, %(published_at_m83)s, %(collected_at_m83)s, %(compound_m83)s, %(positive_score_m83)s, %(negative_score_m83)s, %(neutral_score_m83)s, %(sentiment_label_m83)s), (%(article_id_m84)s, %(brand_m84)s, %(query_type_m84)s, %(source_m84)s, %(author_m84)s, %(title_m84)s, %(description_m84)s, %(url_m84)s, %(published_at_m84)s, %(collected_at_m84)s, %(compound_m84)s, %(positive_score_m84)s, %(negative_score_m84)s, %(neutral_score_m84)s, %(sentiment_label_m84)s), (%(article_id_m85)s, %(brand_m85)s, %(query_type_m85)s, %(source_m85)s, %(author_m85)s, %(title_m85)s, %(description_m85)s, %(url_m85)s, %(published_at_m85)s, %(collected_at_m85)s, %(compound_m85)s, %(positive_score_m85)s, %(negative_score_m85)s, %(neutral_score_m85)s, %(sentiment_label_m85)s), (%(article_id_m86)s, %(brand_m86)s, %(query_type_m86)s, %(source_m86)s, %(author_m86)s, %(title_m86)s, %(description_m86)s, %(url_m86)s, %(published_at_m86)s, %(collected_at_m86)s, %(compound_m86)s, %(positive_score_m86)s, %(negative_score_m86)s, %(neutral_score_m86)s, %(sentiment_label_m86)s), (%(article_id_m87)s, %(brand_m87)s, %(query_type_m87)s, %(source_m87)s, %(author_m87)s, %(title_m87)s, %(description_m87)s, %(url_m87)s, %(published_at_m87)s, %(collected_at_m87)s, %(compound_m87)s, %(positive_score_m87)s, %(negative_score_m87)s, %(neutral_score_m87)s, %(sentiment_label_m87)s), (%(article_id_m88)s, %(brand_m88)s, %(query_type_m88)s, %(source_m88)s, %(author_m88)s, %(title_m88)s, %(description_m88)s, %(url_m88)s, %(published_at_m88)s, %(collected_at_m88)s, %(compound_m88)s, %(positive_score_m88)s, %(negative_score_m88)s, %(neutral_score_m88)s, %(sentiment_label_m88)s), (%(article_id_m89)s, %(brand_m89)s, %(query_type_m89)s, %(source_m89)s, %(author_m89)s, %(title_m89)s, %(description_m89)s, %(url_m89)s, %(published_at_m89)s, %(collected_at_m89)s, %(compound_m89)s, %(positive_score_m89)s, %(negative_score_m89)s, %(neutral_score_m89)s, %(sentiment_label_m89)s), (%(article_id_m90)s, %(brand_m90)s, %(query_type_m90)s, %(source_m90)s, %(author_m90)s, %(title_m90)s, %(description_m90)s, %(url_m90)s, %(published_at_m90)s, %(collected_at_m90)s, %(compound_m90)s, %(positive_score_m90)s, %(negative_score_m90)s, %(neutral_score_m90)s, %(sentiment_label_m90)s), (%(article_id_m91)s, %(brand_m91)s, %(query_type_m91)s, %(source_m91)s, %(author_m91)s, %(title_m91)s, %(description_m91)s, %(url_m91)s, %(published_at_m91)s, %(collected_at_m91)s, %(compound_m91)s, %(positive_score_m91)s, %(negative_score_m91)s, %(neutral_score_m91)s, %(sentiment_label_m91)s), (%(article_id_m92)s, %(brand_m92)s, %(query_type_m92)s, %(source_m92)s, %(author_m92)s, %(title_m92)s, %(description_m92)s, %(url_m92)s, %(published_at_m92)s, %(collected_at_m92)s, %(compound_m92)s, %(positive_score_m92)s, %(negative_score_m92)s, %(neutral_score_m92)s, %(sentiment_label_m92)s), (%(article_id_m93)s, %(brand_m93)s, %(query_type_m93)s, %(source_m93)s, %(author_m93)s, %(title_m93)s, %(description_m93)s, %(url_m93)s, %(published_at_m93)s, %(collected_at_m93)s, %(compound_m93)s, %(positive_score_m93)s, %(negative_score_m93)s, %(neutral_score_m93)s, %(sentiment_label_m93)s), (%(article_id_m94)s, %(brand_m94)s, %(query_type_m94)s, %(source_m94)s, %(author_m94)s, %(title_m94)s, %(description_m94)s, %(url_m94)s, %(published_at_m94)s, %(collected_at_m94)s, %(compound_m94)s, %(positive_score_m94)s, %(negative_score_m94)s, %(neutral_score_m94)s, %(sentiment_label_m94)s), (%(article_id_m95)s, %(brand_m95)s, %(query_type_m95)s, %(source_m95)s, %(author_m95)s, %(title_m95)s, %(description_m95)s, %(url_m95)s, %(published_at_m95)s, %(collected_at_m95)s, %(compound_m95)s, %(positive_score_m95)s, %(negative_score_m95)s, %(neutral_score_m95)s, %(sentiment_label_m95)s), (%(article_id_m96)s, %(brand_m96)s, %(query_type_m96)s, %(source_m96)s, %(author_m96)s, %(title_m96)s, %(description_m96)s, %(url_m96)s, %(published_at_m96)s, %(collected_at_m96)s, %(compound_m96)s, %(positive_score_m96)s, %(negative_score_m96)s, %(neutral_score_m96)s, %(sentiment_label_m96)s), (%(article_id_m97)s, %(brand_m97)s, %(query_type_m97)s, %(source_m97)s, %(author_m97)s, %(title_m97)s, %(description_m97)s, %(url_m97)s, %(published_at_m97)s, %(collected_at_m97)s, %(compound_m97)s, %(positive_score_m97)s, %(negative_score_m97)s, %(neutral_score_m97)s, %(sentiment_label_m97)s), (%(article_id_m98)s, %(brand_m98)s, %(query_type_m98)s, %(source_m98)s, %(author_m98)s, %(title_m98)s, %(description_m98)s, %(url_m98)s, %(published_at_m98)s, %(collected_at_m98)s, %(compound_m98)s, %(positive_score_m98)s, %(negative_score_m98)s, %(neutral_score_m98)s, %(sentiment_label_m98)s), (%(article_id_m99)s, %(brand_m99)s, %(query_type_m99)s, %(source_m99)s, %(author_m99)s, %(title_m99)s, %(description_m99)s, %(url_m99)s, %(published_at_m99)s, %(collected_at_m99)s, %(compound_m99)s, %(positive_score_m99)s, %(negative_score_m99)s, %(neutral_score_m99)s, %(sentiment_label_m99)s)]
[parameters: {'article_id_m0': 'a7d29028d77490d644d9', 'brand_m0': 'Tesla', 'query_type_m0': 'Tesla Model Y', 'source_m0': 'Autocar', 'author_m0': 'Autocar', 'title_m0': 'The 10 most reliable car brands - and the 10 LEAST', 'description_m0': "We recently reported the latest results from the reliability survey from our sister magazine What Car?, highlighting the car models we believe are the most reliable - and the cars that are least reliable.\r\n\n\r\n\nIn this story, we're looking at the car brands th…", 'url_m0': 'https://www.autocar.co.uk/car-news/slideshow/10-most-reliable-car-brands-and-10-least-80', 'published_at_m0': datetime.datetime(2026, 5, 19, 0, 28, 8, tzinfo=datetime.timezone.utc), 'collected_at_m0': datetime.datetime(2026, 5, 31, 2, 20, 9, 957871, tzinfo=datetime.timezone.utc), 'compound_m0': 0.0, 'positive_score_m0': 0.0, 'negative_score_m0': 0.0, 'neutral_score_m0': 1.0, 'sentiment_label_m0': 'neutral', 'article_id_m1': 'ffb6717606a297c07f24', 'brand_m1': 'Tesla', 'query_type_m1': 'Tesla Model Y', 'source_m1': 'Autocar', 'author_m1': 'Autocar', 'title_m1': 'The 10 most reliable car brands - and the 10 LEAST', 'description_m1': "We recently reported the latest results from the reliability survey from our sister magazine What Car?, highlighting the car models we believe are the most reliable - and the cars that are least reliable.\r\n\n\r\n\nIn this story, we're looking at the car brands th…", 'url_m1': 'https://www.autocar.co.uk/car-news/slideshow/10-most-reliable-car-brands-and-10-least-79', 'published_at_m1': datetime.datetime(2026, 5, 19, 0, 28, 7, tzinfo=datetime.timezone.utc), 'collected_at_m1': datetime.datetime(2026, 5, 31, 2, 20, 9, 957913, tzinfo=datetime.timezone.utc), 'compound_m1': 0.0, 'positive_score_m1': 0.0, 'negative_score_m1': 0.0, 'neutral_score_m1': 1.0, 'sentiment_label_m1': 'neutral', 'article_id_m2': '42539b1668a02d9d17a3', 'brand_m2': 'Tesla', 'query_type_m2': 'Tesla Model Y', 'source_m2': 'Autocar', 'author_m2': 'Autocar', 'title_m2': 'The 10 most reliable car brands - and the 10 LEAST', 'description_m2': "We recently reported the latest results from the reliability survey from our sister magazine What Car?, highlighting the car models we believe are the most reliable - and the cars that are least reliable.\r\n\n\r\n\nIn this story, we're looking at the car brands th…", 'url_m2': 'https://www.autocar.co.uk/car-news/slideshow/10-most-reliable-car-brands-and-10-least-78', 'published_at_m2': datetime.datetime(2026, 5, 19, 0, 28, 6, tzinfo=datetime.timezone.utc), 'collected_at_m2': datetime.datetime(2026, 5, 31, 2, 20, 9, 957954, tzinfo=datetime.timezone.utc), 'compound_m2': 0.0, 'positive_score_m2': 0.0, 'negative_score_m2': 0.0, 'neutral_score_m2': 1.0, 'sentiment_label_m2': 'neutral', 'article_id_m3': '3be3dcbfa6b0793c33f6', 'brand_m3': 'Tesla', 'query_type_m3': 'Tesla Model Y', 'source_m3': 'Autocar', 'author_m3': 'Autocar' ... 1400 parameters truncated ... 'compound_m96': 0.0, 'positive_score_m96': 0.0, 'negative_score_m96': 0.0, 'neutral_score_m96': 1.0, 'sentiment_label_m96': 'neutral', 'article_id_m97': '4df2137c97a0dacb81cd', 'brand_m97': 'Hyundai', 'query_type_m97': 'Hyundai Ioniq', 'source_m97': 'AutoExpress', 'author_m97': 'Tom Jervis', 'title_m97': 'Three-car garage: Vauxhall Insignia, Fiat 124 Spider and Hyundai Ioniq Electric for £30k', 'description_m97': 'New cars are getting insanely expensive; we find three cars to fit every scenario for less than a base Kia Sportage', 'url_m97': 'https://www.autoexpress.co.uk/features/369651/three-car-garage-vauxhall-insignia-fiat-124-spider-and-hyundai-ioniq-electric-ps30k', 'published_at_m97': datetime.datetime(2026, 5, 24, 11, 8, 35, tzinfo=datetime.timezone.utc), 'collected_at_m97': datetime.datetime(2026, 5, 31, 2, 20, 9, 968160, tzinfo=datetime.timezone.utc), 'compound_m97': -0.4019, 'positive_score_m97': 0.065, 'negative_score_m97': 0.109, 'neutral_score_m97': 0.827, 'sentiment_label_m97': 'negative', 'article_id_m98': 'cf62b9a411731896bd82', 'brand_m98': 'Hyundai', 'query_type_m98': 'Hyundai Ioniq', 'source_m98': 'Freerepublic.com', 'author_m98': 'INSIDEEVS', 'title_m98': 'I Love EVs, But Kia and Hyundai Are Making That Harder', 'description_m98': 'My family leased a Kia EV9 and a Hyundai Ioniq 5. It shows your mileage may vary in even the most critically acclaimed electric cars. ...“Later that day” ended up taking much longer. The service center did not have the car ready until the end of the day on Ja…', 'url_m98': 'https://freerepublic.com/focus/f-chat/4380635/posts', 'published_at_m98': datetime.datetime(2026, 5, 23, 15, 11, 4, tzinfo=datetime.timezone.utc), 'collected_at_m98': datetime.datetime(2026, 5, 31, 2, 20, 9, 968251, tzinfo=datetime.timezone.utc), 'compound_m98': -0.8294, 'positive_score_m98': 0.079, 'negative_score_m98': 0.156, 'neutral_score_m98': 0.766, 'sentiment_label_m98': 'negative', 'article_id_m99': '232c7efdd6007ecc4a7e', 'brand_m99': 'Hyundai', 'query_type_m99': 'Hyundai Ioniq', 'source_m99': 'PRNewswire', 'author_m99': 'Unknown', 'title_m99': "Hyundai Marks 10th Annual National Salute to America's Heroes with $100,000 Donation to Folds of Honor", 'description_m99': "Memorial Day Weekend event returns to Miami Beach May 23–24, 2026, featuring the Hyundai Air & Sea Show Celebration coincides with Hyundai's 40 years in America and the nation's 250th anniversary Hyundai strengthens support for military and veteran communitie…", 'url_m99': 'https://www.prnewswire.com/news-releases/hyundai-marks-10th-annual-national-salute-to-americas-heroes-with-100-000-donation-to-folds-of-honor-302780566.html', 'published_at_m99': datetime.datetime(2026, 5, 23, 1, 31, tzinfo=datetime.timezone.utc), 'collected_at_m99': datetime.datetime(2026, 5, 31, 2, 20, 9, 968352, tzinfo=datetime.timezone.utc), 'compound_m99': 0.9042, 'positive_score_m99': 0.193, 'negative_score_m99': 0.0, 'neutral_score_m99': 0.807, 'sentiment_label_m99': 'positive'}]
(Background on this error at: https://sqlalche.me/e/20/9h9h)
2026-05-30 22:20:10  [ERROR]  PIPELINE FAILED: (psycopg2.errors.StringDataRightTruncation) value too long for type character varying(200)

[SQL: INSERT INTO tesla_sentiment.articles (article_id, brand, query_type, source, author, title, description, url, published_at, collected_at, compound, positive_score, negative_score, neutral_score, sentiment_label) VALUES (%(article_id_m0)s, %(brand_m0)s, %(query_type_m0)s, %(source_m0)s, %(author_m0)s, %(title_m0)s, %(description_m0)s, %(url_m0)s, %(published_at_m0)s, %(collected_at_m0)s, %(compound_m0)s, %(positive_score_m0)s, %(negative_score_m0)s, %(neutral_score_m0)s, %(sentiment_label_m0)s), (%(article_id_m1)s, %(brand_m1)s, %(query_type_m1)s, %(source_m1)s, %(author_m1)s, %(title_m1)s, %(description_m1)s, %(url_m1)s, %(published_at_m1)s, %(collected_at_m1)s, %(compound_m1)s, %(positive_score_m1)s, %(negative_score_m1)s, %(neutral_score_m1)s, %(sentiment_label_m1)s), (%(article_id_m2)s, %(brand_m2)s, %(query_type_m2)s, %(source_m2)s, %(author_m2)s, %(title_m2)s, %(description_m2)s, %(url_m2)s, %(published_at_m2)s, %(collected_at_m2)s, %(compound_m2)s, %(positive_score_m2)s, %(negative_score_m2)s, %(neutral_score_m2)s, %(sentiment_label_m2)s), (%(article_id_m3)s, %(brand_m3)s, %(query_type_m3)s, %(source_m3)s, %(author_m3)s, %(title_m3)s, %(description_m3)s, %(url_m3)s, %(published_at_m3)s, %(collected_at_m3)s, %(compound_m3)s, %(positive_score_m3)s, %(negative_score_m3)s, %(neutral_score_m3)s, %(sentiment_label_m3)s), (%(article_id_m4)s, %(brand_m4)s, %(query_type_m4)s, %(source_m4)s, %(author_m4)s, %(title_m4)s, %(description_m4)s, %(url_m4)s, %(published_at_m4)s, %(collected_at_m4)s, %(compound_m4)s, %(positive_score_m4)s, %(negative_score_m4)s, %(neutral_score_m4)s, %(sentiment_label_m4)s), (%(article_id_m5)s, %(brand_m5)s, %(query_type_m5)s, %(source_m5)s, %(author_m5)s, %(title_m5)s, %(description_m5)s, %(url_m5)s, %(published_at_m5)s, %(collected_at_m5)s, %(compound_m5)s, %(positive_score_m5)s, %(negative_score_m5)s, %(neutral_score_m5)s, %(sentiment_label_m5)s), (%(article_id_m6)s, %(brand_m6)s, %(query_type_m6)s, %(source_m6)s, %(author_m6)s, %(title_m6)s, %(description_m6)s, %(url_m6)s, %(published_at_m6)s, %(collected_at_m6)s, %(compound_m6)s, %(positive_score_m6)s, %(negative_score_m6)s, %(neutral_score_m6)s, %(sentiment_label_m6)s), (%(article_id_m7)s, %(brand_m7)s, %(query_type_m7)s, %(source_m7)s, %(author_m7)s, %(title_m7)s, %(description_m7)s, %(url_m7)s, %(published_at_m7)s, %(collected_at_m7)s, %(compound_m7)s, %(positive_score_m7)s, %(negative_score_m7)s, %(neutral_score_m7)s, %(sentiment_label_m7)s), (%(article_id_m8)s, %(brand_m8)s, %(query_type_m8)s, %(source_m8)s, %(author_m8)s, %(title_m8)s, %(description_m8)s, %(url_m8)s, %(published_at_m8)s, %(collected_at_m8)s, %(compound_m8)s, %(positive_score_m8)s, %(negative_score_m8)s, %(neutral_score_m8)s, %(sentiment_label_m8)s), (%(article_id_m9)s, %(brand_m9)s, %(query_type_m9)s, %(source_m9)s, %(author_m9)s, %(title_m9)s, %(description_m9)s, %(url_m9)s, %(published_at_m9)s, %(collected_at_m9)s, %(compound_m9)s, %(positive_score_m9)s, %(negative_score_m9)s, %(neutral_score_m9)s, %(sentiment_label_m9)s), (%(article_id_m10)s, %(brand_m10)s, %(query_type_m10)s, %(source_m10)s, %(author_m10)s, %(title_m10)s, %(description_m10)s, %(url_m10)s, %(published_at_m10)s, %(collected_at_m10)s, %(compound_m10)s, %(positive_score_m10)s, %(negative_score_m10)s, %(neutral_score_m10)s, %(sentiment_label_m10)s), (%(article_id_m11)s, %(brand_m11)s, %(query_type_m11)s, %(source_m11)s, %(author_m11)s, %(title_m11)s, %(description_m11)s, %(url_m11)s, %(published_at_m11)s, %(collected_at_m11)s, %(compound_m11)s, %(positive_score_m11)s, %(negative_score_m11)s, %(neutral_score_m11)s, %(sentiment_label_m11)s), (%(article_id_m12)s, %(brand_m12)s, %(query_type_m12)s, %(source_m12)s, %(author_m12)s, %(title_m12)s, %(description_m12)s, %(url_m12)s, %(published_at_m12)s, %(collected_at_m12)s, %(compound_m12)s, %(positive_score_m12)s, %(negative_score_m12)s, %(neutral_score_m12)s, %(sentiment_label_m12)s), (%(article_id_m13)s, %(brand_m13)s, %(query_type_m13)s, %(source_m13)s, %(author_m13)s, %(title_m13)s, %(description_m13)s, %(url_m13)s, %(published_at_m13)s, %(collected_at_m13)s, %(compound_m13)s, %(positive_score_m13)s, %(negative_score_m13)s, %(neutral_score_m13)s, %(sentiment_label_m13)s), (%(article_id_m14)s, %(brand_m14)s, %(query_type_m14)s, %(source_m14)s, %(author_m14)s, %(title_m14)s, %(description_m14)s, %(url_m14)s, %(published_at_m14)s, %(collected_at_m14)s, %(compound_m14)s, %(positive_score_m14)s, %(negative_score_m14)s, %(neutral_score_m14)s, %(sentiment_label_m14)s), (%(article_id_m15)s, %(brand_m15)s, %(query_type_m15)s, %(source_m15)s, %(author_m15)s, %(title_m15)s, %(description_m15)s, %(url_m15)s, %(published_at_m15)s, %(collected_at_m15)s, %(compound_m15)s, %(positive_score_m15)s, %(negative_score_m15)s, %(neutral_score_m15)s, %(sentiment_label_m15)s), (%(article_id_m16)s, %(brand_m16)s, %(query_type_m16)s, %(source_m16)s, %(author_m16)s, %(title_m16)s, %(description_m16)s, %(url_m16)s, %(published_at_m16)s, %(collected_at_m16)s, %(compound_m16)s, %(positive_score_m16)s, %(negative_score_m16)s, %(neutral_score_m16)s, %(sentiment_label_m16)s), (%(article_id_m17)s, %(brand_m17)s, %(query_type_m17)s, %(source_m17)s, %(author_m17)s, %(title_m17)s, %(description_m17)s, %(url_m17)s, %(published_at_m17)s, %(collected_at_m17)s, %(compound_m17)s, %(positive_score_m17)s, %(negative_score_m17)s, %(neutral_score_m17)s, %(sentiment_label_m17)s), (%(article_id_m18)s, %(brand_m18)s, %(query_type_m18)s, %(source_m18)s, %(author_m18)s, %(title_m18)s, %(description_m18)s, %(url_m18)s, %(published_at_m18)s, %(collected_at_m18)s, %(compound_m18)s, %(positive_score_m18)s, %(negative_score_m18)s, %(neutral_score_m18)s, %(sentiment_label_m18)s), (%(article_id_m19)s, %(brand_m19)s, %(query_type_m19)s, %(source_m19)s, %(author_m19)s, %(title_m19)s, %(description_m19)s, %(url_m19)s, %(published_at_m19)s, %(collected_at_m19)s, %(compound_m19)s, %(positive_score_m19)s, %(negative_score_m19)s, %(neutral_score_m19)s, %(sentiment_label_m19)s), (%(article_id_m20)s, %(brand_m20)s, %(query_type_m20)s, %(source_m20)s, %(author_m20)s, %(title_m20)s, %(description_m20)s, %(url_m20)s, %(published_at_m20)s, %(collected_at_m20)s, %(compound_m20)s, %(positive_score_m20)s, %(negative_score_m20)s, %(neutral_score_m20)s, %(sentiment_label_m20)s), (%(article_id_m21)s, %(brand_m21)s, %(query_type_m21)s, %(source_m21)s, %(author_m21)s, %(title_m21)s, %(description_m21)s, %(url_m21)s, %(published_at_m21)s, %(collected_at_m21)s, %(compound_m21)s, %(positive_score_m21)s, %(negative_score_m21)s, %(neutral_score_m21)s, %(sentiment_label_m21)s), (%(article_id_m22)s, %(brand_m22)s, %(query_type_m22)s, %(source_m22)s, %(author_m22)s, %(title_m22)s, %(description_m22)s, %(url_m22)s, %(published_at_m22)s, %(collected_at_m22)s, %(compound_m22)s, %(positive_score_m22)s, %(negative_score_m22)s, %(neutral_score_m22)s, %(sentiment_label_m22)s), (%(article_id_m23)s, %(brand_m23)s, %(query_type_m23)s, %(source_m23)s, %(author_m23)s, %(title_m23)s, %(description_m23)s, %(url_m23)s, %(published_at_m23)s, %(collected_at_m23)s, %(compound_m23)s, %(positive_score_m23)s, %(negative_score_m23)s, %(neutral_score_m23)s, %(sentiment_label_m23)s), (%(article_id_m24)s, %(brand_m24)s, %(query_type_m24)s, %(source_m24)s, %(author_m24)s, %(title_m24)s, %(description_m24)s, %(url_m24)s, %(published_at_m24)s, %(collected_at_m24)s, %(compound_m24)s, %(positive_score_m24)s, %(negative_score_m24)s, %(neutral_score_m24)s, %(sentiment_label_m24)s), (%(article_id_m25)s, %(brand_m25)s, %(query_type_m25)s, %(source_m25)s, %(author_m25)s, %(title_m25)s, %(description_m25)s, %(url_m25)s, %(published_at_m25)s, %(collected_at_m25)s, %(compound_m25)s, %(positive_score_m25)s, %(negative_score_m25)s, %(neutral_score_m25)s, %(sentiment_label_m25)s), (%(article_id_m26)s, %(brand_m26)s, %(query_type_m26)s, %(source_m26)s, %(author_m26)s, %(title_m26)s, %(description_m26)s, %(url_m26)s, %(published_at_m26)s, %(collected_at_m26)s, %(compound_m26)s, %(positive_score_m26)s, %(negative_score_m26)s, %(neutral_score_m26)s, %(sentiment_label_m26)s), (%(article_id_m27)s, %(brand_m27)s, %(query_type_m27)s, %(source_m27)s, %(author_m27)s, %(title_m27)s, %(description_m27)s, %(url_m27)s, %(published_at_m27)s, %(collected_at_m27)s, %(compound_m27)s, %(positive_score_m27)s, %(negative_score_m27)s, %(neutral_score_m27)s, %(sentiment_label_m27)s), (%(article_id_m28)s, %(brand_m28)s, %(query_type_m28)s, %(source_m28)s, %(author_m28)s, %(title_m28)s, %(description_m28)s, %(url_m28)s, %(published_at_m28)s, %(collected_at_m28)s, %(compound_m28)s, %(positive_score_m28)s, %(negative_score_m28)s, %(neutral_score_m28)s, %(sentiment_label_m28)s), (%(article_id_m29)s, %(brand_m29)s, %(query_type_m29)s, %(source_m29)s, %(author_m29)s, %(title_m29)s, %(description_m29)s, %(url_m29)s, %(published_at_m29)s, %(collected_at_m29)s, %(compound_m29)s, %(positive_score_m29)s, %(negative_score_m29)s, %(neutral_score_m29)s, %(sentiment_label_m29)s), (%(article_id_m30)s, %(brand_m30)s, %(query_type_m30)s, %(source_m30)s, %(author_m30)s, %(title_m30)s, %(description_m30)s, %(url_m30)s, %(published_at_m30)s, %(collected_at_m30)s, %(compound_m30)s, %(positive_score_m30)s, %(negative_score_m30)s, %(neutral_score_m30)s, %(sentiment_label_m30)s), (%(article_id_m31)s, %(brand_m31)s, %(query_type_m31)s, %(source_m31)s, %(author_m31)s, %(title_m31)s, %(description_m31)s, %(url_m31)s, %(published_at_m31)s, %(collected_at_m31)s, %(compound_m31)s, %(positive_score_m31)s, %(negative_score_m31)s, %(neutral_score_m31)s, %(sentiment_label_m31)s), (%(article_id_m32)s, %(brand_m32)s, %(query_type_m32)s, %(source_m32)s, %(author_m32)s, %(title_m32)s, %(description_m32)s, %(url_m32)s, %(published_at_m32)s, %(collected_at_m32)s, %(compound_m32)s, %(positive_score_m32)s, %(negative_score_m32)s, %(neutral_score_m32)s, %(sentiment_label_m32)s), (%(article_id_m33)s, %(brand_m33)s, %(query_type_m33)s, %(source_m33)s, %(author_m33)s, %(title_m33)s, %(description_m33)s, %(url_m33)s, %(published_at_m33)s, %(collected_at_m33)s, %(compound_m33)s, %(positive_score_m33)s, %(negative_score_m33)s, %(neutral_score_m33)s, %(sentiment_label_m33)s), (%(article_id_m34)s, %(brand_m34)s, %(query_type_m34)s, %(source_m34)s, %(author_m34)s, %(title_m34)s, %(description_m34)s, %(url_m34)s, %(published_at_m34)s, %(collected_at_m34)s, %(compound_m34)s, %(positive_score_m34)s, %(negative_score_m34)s, %(neutral_score_m34)s, %(sentiment_label_m34)s), (%(article_id_m35)s, %(brand_m35)s, %(query_type_m35)s, %(source_m35)s, %(author_m35)s, %(title_m35)s, %(description_m35)s, %(url_m35)s, %(published_at_m35)s, %(collected_at_m35)s, %(compound_m35)s, %(positive_score_m35)s, %(negative_score_m35)s, %(neutral_score_m35)s, %(sentiment_label_m35)s), (%(article_id_m36)s, %(brand_m36)s, %(query_type_m36)s, %(source_m36)s, %(author_m36)s, %(title_m36)s, %(description_m36)s, %(url_m36)s, %(published_at_m36)s, %(collected_at_m36)s, %(compound_m36)s, %(positive_score_m36)s, %(negative_score_m36)s, %(neutral_score_m36)s, %(sentiment_label_m36)s), (%(article_id_m37)s, %(brand_m37)s, %(query_type_m37)s, %(source_m37)s, %(author_m37)s, %(title_m37)s, %(description_m37)s, %(url_m37)s, %(published_at_m37)s, %(collected_at_m37)s, %(compound_m37)s, %(positive_score_m37)s, %(negative_score_m37)s, %(neutral_score_m37)s, %(sentiment_label_m37)s), (%(article_id_m38)s, %(brand_m38)s, %(query_type_m38)s, %(source_m38)s, %(author_m38)s, %(title_m38)s, %(description_m38)s, %(url_m38)s, %(published_at_m38)s, %(collected_at_m38)s, %(compound_m38)s, %(positive_score_m38)s, %(negative_score_m38)s, %(neutral_score_m38)s, %(sentiment_label_m38)s), (%(article_id_m39)s, %(brand_m39)s, %(query_type_m39)s, %(source_m39)s, %(author_m39)s, %(title_m39)s, %(description_m39)s, %(url_m39)s, %(published_at_m39)s, %(collected_at_m39)s, %(compound_m39)s, %(positive_score_m39)s, %(negative_score_m39)s, %(neutral_score_m39)s, %(sentiment_label_m39)s), (%(article_id_m40)s, %(brand_m40)s, %(query_type_m40)s, %(source_m40)s, %(author_m40)s, %(title_m40)s, %(description_m40)s, %(url_m40)s, %(published_at_m40)s, %(collected_at_m40)s, %(compound_m40)s, %(positive_score_m40)s, %(negative_score_m40)s, %(neutral_score_m40)s, %(sentiment_label_m40)s), (%(article_id_m41)s, %(brand_m41)s, %(query_type_m41)s, %(source_m41)s, %(author_m41)s, %(title_m41)s, %(description_m41)s, %(url_m41)s, %(published_at_m41)s, %(collected_at_m41)s, %(compound_m41)s, %(positive_score_m41)s, %(negative_score_m41)s, %(neutral_score_m41)s, %(sentiment_label_m41)s), (%(article_id_m42)s, %(brand_m42)s, %(query_type_m42)s, %(source_m42)s, %(author_m42)s, %(title_m42)s, %(description_m42)s, %(url_m42)s, %(published_at_m42)s, %(collected_at_m42)s, %(compound_m42)s, %(positive_score_m42)s, %(negative_score_m42)s, %(neutral_score_m42)s, %(sentiment_label_m42)s), (%(article_id_m43)s, %(brand_m43)s, %(query_type_m43)s, %(source_m43)s, %(author_m43)s, %(title_m43)s, %(description_m43)s, %(url_m43)s, %(published_at_m43)s, %(collected_at_m43)s, %(compound_m43)s, %(positive_score_m43)s, %(negative_score_m43)s, %(neutral_score_m43)s, %(sentiment_label_m43)s), (%(article_id_m44)s, %(brand_m44)s, %(query_type_m44)s, %(source_m44)s, %(author_m44)s, %(title_m44)s, %(description_m44)s, %(url_m44)s, %(published_at_m44)s, %(collected_at_m44)s, %(compound_m44)s, %(positive_score_m44)s, %(negative_score_m44)s, %(neutral_score_m44)s, %(sentiment_label_m44)s), (%(article_id_m45)s, %(brand_m45)s, %(query_type_m45)s, %(source_m45)s, %(author_m45)s, %(title_m45)s, %(description_m45)s, %(url_m45)s, %(published_at_m45)s, %(collected_at_m45)s, %(compound_m45)s, %(positive_score_m45)s, %(negative_score_m45)s, %(neutral_score_m45)s, %(sentiment_label_m45)s), (%(article_id_m46)s, %(brand_m46)s, %(query_type_m46)s, %(source_m46)s, %(author_m46)s, %(title_m46)s, %(description_m46)s, %(url_m46)s, %(published_at_m46)s, %(collected_at_m46)s, %(compound_m46)s, %(positive_score_m46)s, %(negative_score_m46)s, %(neutral_score_m46)s, %(sentiment_label_m46)s), (%(article_id_m47)s, %(brand_m47)s, %(query_type_m47)s, %(source_m47)s, %(author_m47)s, %(title_m47)s, %(description_m47)s, %(url_m47)s, %(published_at_m47)s, %(collected_at_m47)s, %(compound_m47)s, %(positive_score_m47)s, %(negative_score_m47)s, %(neutral_score_m47)s, %(sentiment_label_m47)s), (%(article_id_m48)s, %(brand_m48)s, %(query_type_m48)s, %(source_m48)s, %(author_m48)s, %(title_m48)s, %(description_m48)s, %(url_m48)s, %(published_at_m48)s, %(collected_at_m48)s, %(compound_m48)s, %(positive_score_m48)s, %(negative_score_m48)s, %(neutral_score_m48)s, %(sentiment_label_m48)s), (%(article_id_m49)s, %(brand_m49)s, %(query_type_m49)s, %(source_m49)s, %(author_m49)s, %(title_m49)s, %(description_m49)s, %(url_m49)s, %(published_at_m49)s, %(collected_at_m49)s, %(compound_m49)s, %(positive_score_m49)s, %(negative_score_m49)s, %(neutral_score_m49)s, %(sentiment_label_m49)s), (%(article_id_m50)s, %(brand_m50)s, %(query_type_m50)s, %(source_m50)s, %(author_m50)s, %(title_m50)s, %(description_m50)s, %(url_m50)s, %(published_at_m50)s, %(collected_at_m50)s, %(compound_m50)s, %(positive_score_m50)s, %(negative_score_m50)s, %(neutral_score_m50)s, %(sentiment_label_m50)s), (%(article_id_m51)s, %(brand_m51)s, %(query_type_m51)s, %(source_m51)s, %(author_m51)s, %(title_m51)s, %(description_m51)s, %(url_m51)s, %(published_at_m51)s, %(collected_at_m51)s, %(compound_m51)s, %(positive_score_m51)s, %(negative_score_m51)s, %(neutral_score_m51)s, %(sentiment_label_m51)s), (%(article_id_m52)s, %(brand_m52)s, %(query_type_m52)s, %(source_m52)s, %(author_m52)s, %(title_m52)s, %(description_m52)s, %(url_m52)s, %(published_at_m52)s, %(collected_at_m52)s, %(compound_m52)s, %(positive_score_m52)s, %(negative_score_m52)s, %(neutral_score_m52)s, %(sentiment_label_m52)s), (%(article_id_m53)s, %(brand_m53)s, %(query_type_m53)s, %(source_m53)s, %(author_m53)s, %(title_m53)s, %(description_m53)s, %(url_m53)s, %(published_at_m53)s, %(collected_at_m53)s, %(compound_m53)s, %(positive_score_m53)s, %(negative_score_m53)s, %(neutral_score_m53)s, %(sentiment_label_m53)s), (%(article_id_m54)s, %(brand_m54)s, %(query_type_m54)s, %(source_m54)s, %(author_m54)s, %(title_m54)s, %(description_m54)s, %(url_m54)s, %(published_at_m54)s, %(collected_at_m54)s, %(compound_m54)s, %(positive_score_m54)s, %(negative_score_m54)s, %(neutral_score_m54)s, %(sentiment_label_m54)s), (%(article_id_m55)s, %(brand_m55)s, %(query_type_m55)s, %(source_m55)s, %(author_m55)s, %(title_m55)s, %(description_m55)s, %(url_m55)s, %(published_at_m55)s, %(collected_at_m55)s, %(compound_m55)s, %(positive_score_m55)s, %(negative_score_m55)s, %(neutral_score_m55)s, %(sentiment_label_m55)s), (%(article_id_m56)s, %(brand_m56)s, %(query_type_m56)s, %(source_m56)s, %(author_m56)s, %(title_m56)s, %(description_m56)s, %(url_m56)s, %(published_at_m56)s, %(collected_at_m56)s, %(compound_m56)s, %(positive_score_m56)s, %(negative_score_m56)s, %(neutral_score_m56)s, %(sentiment_label_m56)s), (%(article_id_m57)s, %(brand_m57)s, %(query_type_m57)s, %(source_m57)s, %(author_m57)s, %(title_m57)s, %(description_m57)s, %(url_m57)s, %(published_at_m57)s, %(collected_at_m57)s, %(compound_m57)s, %(positive_score_m57)s, %(negative_score_m57)s, %(neutral_score_m57)s, %(sentiment_label_m57)s), (%(article_id_m58)s, %(brand_m58)s, %(query_type_m58)s, %(source_m58)s, %(author_m58)s, %(title_m58)s, %(description_m58)s, %(url_m58)s, %(published_at_m58)s, %(collected_at_m58)s, %(compound_m58)s, %(positive_score_m58)s, %(negative_score_m58)s, %(neutral_score_m58)s, %(sentiment_label_m58)s), (%(article_id_m59)s, %(brand_m59)s, %(query_type_m59)s, %(source_m59)s, %(author_m59)s, %(title_m59)s, %(description_m59)s, %(url_m59)s, %(published_at_m59)s, %(collected_at_m59)s, %(compound_m59)s, %(positive_score_m59)s, %(negative_score_m59)s, %(neutral_score_m59)s, %(sentiment_label_m59)s), (%(article_id_m60)s, %(brand_m60)s, %(query_type_m60)s, %(source_m60)s, %(author_m60)s, %(title_m60)s, %(description_m60)s, %(url_m60)s, %(published_at_m60)s, %(collected_at_m60)s, %(compound_m60)s, %(positive_score_m60)s, %(negative_score_m60)s, %(neutral_score_m60)s, %(sentiment_label_m60)s), (%(article_id_m61)s, %(brand_m61)s, %(query_type_m61)s, %(source_m61)s, %(author_m61)s, %(title_m61)s, %(description_m61)s, %(url_m61)s, %(published_at_m61)s, %(collected_at_m61)s, %(compound_m61)s, %(positive_score_m61)s, %(negative_score_m61)s, %(neutral_score_m61)s, %(sentiment_label_m61)s), (%(article_id_m62)s, %(brand_m62)s, %(query_type_m62)s, %(source_m62)s, %(author_m62)s, %(title_m62)s, %(description_m62)s, %(url_m62)s, %(published_at_m62)s, %(collected_at_m62)s, %(compound_m62)s, %(positive_score_m62)s, %(negative_score_m62)s, %(neutral_score_m62)s, %(sentiment_label_m62)s), (%(article_id_m63)s, %(brand_m63)s, %(query_type_m63)s, %(source_m63)s, %(author_m63)s, %(title_m63)s, %(description_m63)s, %(url_m63)s, %(published_at_m63)s, %(collected_at_m63)s, %(compound_m63)s, %(positive_score_m63)s, %(negative_score_m63)s, %(neutral_score_m63)s, %(sentiment_label_m63)s), (%(article_id_m64)s, %(brand_m64)s, %(query_type_m64)s, %(source_m64)s, %(author_m64)s, %(title_m64)s, %(description_m64)s, %(url_m64)s, %(published_at_m64)s, %(collected_at_m64)s, %(compound_m64)s, %(positive_score_m64)s, %(negative_score_m64)s, %(neutral_score_m64)s, %(sentiment_label_m64)s), (%(article_id_m65)s, %(brand_m65)s, %(query_type_m65)s, %(source_m65)s, %(author_m65)s, %(title_m65)s, %(description_m65)s, %(url_m65)s, %(published_at_m65)s, %(collected_at_m65)s, %(compound_m65)s, %(positive_score_m65)s, %(negative_score_m65)s, %(neutral_score_m65)s, %(sentiment_label_m65)s), (%(article_id_m66)s, %(brand_m66)s, %(query_type_m66)s, %(source_m66)s, %(author_m66)s, %(title_m66)s, %(description_m66)s, %(url_m66)s, %(published_at_m66)s, %(collected_at_m66)s, %(compound_m66)s, %(positive_score_m66)s, %(negative_score_m66)s, %(neutral_score_m66)s, %(sentiment_label_m66)s), (%(article_id_m67)s, %(brand_m67)s, %(query_type_m67)s, %(source_m67)s, %(author_m67)s, %(title_m67)s, %(description_m67)s, %(url_m67)s, %(published_at_m67)s, %(collected_at_m67)s, %(compound_m67)s, %(positive_score_m67)s, %(negative_score_m67)s, %(neutral_score_m67)s, %(sentiment_label_m67)s), (%(article_id_m68)s, %(brand_m68)s, %(query_type_m68)s, %(source_m68)s, %(author_m68)s, %(title_m68)s, %(description_m68)s, %(url_m68)s, %(published_at_m68)s, %(collected_at_m68)s, %(compound_m68)s, %(positive_score_m68)s, %(negative_score_m68)s, %(neutral_score_m68)s, %(sentiment_label_m68)s), (%(article_id_m69)s, %(brand_m69)s, %(query_type_m69)s, %(source_m69)s, %(author_m69)s, %(title_m69)s, %(description_m69)s, %(url_m69)s, %(published_at_m69)s, %(collected_at_m69)s, %(compound_m69)s, %(positive_score_m69)s, %(negative_score_m69)s, %(neutral_score_m69)s, %(sentiment_label_m69)s), (%(article_id_m70)s, %(brand_m70)s, %(query_type_m70)s, %(source_m70)s, %(author_m70)s, %(title_m70)s, %(description_m70)s, %(url_m70)s, %(published_at_m70)s, %(collected_at_m70)s, %(compound_m70)s, %(positive_score_m70)s, %(negative_score_m70)s, %(neutral_score_m70)s, %(sentiment_label_m70)s), (%(article_id_m71)s, %(brand_m71)s, %(query_type_m71)s, %(source_m71)s, %(author_m71)s, %(title_m71)s, %(description_m71)s, %(url_m71)s, %(published_at_m71)s, %(collected_at_m71)s, %(compound_m71)s, %(positive_score_m71)s, %(negative_score_m71)s, %(neutral_score_m71)s, %(sentiment_label_m71)s), (%(article_id_m72)s, %(brand_m72)s, %(query_type_m72)s, %(source_m72)s, %(author_m72)s, %(title_m72)s, %(description_m72)s, %(url_m72)s, %(published_at_m72)s, %(collected_at_m72)s, %(compound_m72)s, %(positive_score_m72)s, %(negative_score_m72)s, %(neutral_score_m72)s, %(sentiment_label_m72)s), (%(article_id_m73)s, %(brand_m73)s, %(query_type_m73)s, %(source_m73)s, %(author_m73)s, %(title_m73)s, %(description_m73)s, %(url_m73)s, %(published_at_m73)s, %(collected_at_m73)s, %(compound_m73)s, %(positive_score_m73)s, %(negative_score_m73)s, %(neutral_score_m73)s, %(sentiment_label_m73)s), (%(article_id_m74)s, %(brand_m74)s, %(query_type_m74)s, %(source_m74)s, %(author_m74)s, %(title_m74)s, %(description_m74)s, %(url_m74)s, %(published_at_m74)s, %(collected_at_m74)s, %(compound_m74)s, %(positive_score_m74)s, %(negative_score_m74)s, %(neutral_score_m74)s, %(sentiment_label_m74)s), (%(article_id_m75)s, %(brand_m75)s, %(query_type_m75)s, %(source_m75)s, %(author_m75)s, %(title_m75)s, %(description_m75)s, %(url_m75)s, %(published_at_m75)s, %(collected_at_m75)s, %(compound_m75)s, %(positive_score_m75)s, %(negative_score_m75)s, %(neutral_score_m75)s, %(sentiment_label_m75)s), (%(article_id_m76)s, %(brand_m76)s, %(query_type_m76)s, %(source_m76)s, %(author_m76)s, %(title_m76)s, %(description_m76)s, %(url_m76)s, %(published_at_m76)s, %(collected_at_m76)s, %(compound_m76)s, %(positive_score_m76)s, %(negative_score_m76)s, %(neutral_score_m76)s, %(sentiment_label_m76)s), (%(article_id_m77)s, %(brand_m77)s, %(query_type_m77)s, %(source_m77)s, %(author_m77)s, %(title_m77)s, %(description_m77)s, %(url_m77)s, %(published_at_m77)s, %(collected_at_m77)s, %(compound_m77)s, %(positive_score_m77)s, %(negative_score_m77)s, %(neutral_score_m77)s, %(sentiment_label_m77)s), (%(article_id_m78)s, %(brand_m78)s, %(query_type_m78)s, %(source_m78)s, %(author_m78)s, %(title_m78)s, %(description_m78)s, %(url_m78)s, %(published_at_m78)s, %(collected_at_m78)s, %(compound_m78)s, %(positive_score_m78)s, %(negative_score_m78)s, %(neutral_score_m78)s, %(sentiment_label_m78)s), (%(article_id_m79)s, %(brand_m79)s, %(query_type_m79)s, %(source_m79)s, %(author_m79)s, %(title_m79)s, %(description_m79)s, %(url_m79)s, %(published_at_m79)s, %(collected_at_m79)s, %(compound_m79)s, %(positive_score_m79)s, %(negative_score_m79)s, %(neutral_score_m79)s, %(sentiment_label_m79)s), (%(article_id_m80)s, %(brand_m80)s, %(query_type_m80)s, %(source_m80)s, %(author_m80)s, %(title_m80)s, %(description_m80)s, %(url_m80)s, %(published_at_m80)s, %(collected_at_m80)s, %(compound_m80)s, %(positive_score_m80)s, %(negative_score_m80)s, %(neutral_score_m80)s, %(sentiment_label_m80)s), (%(article_id_m81)s, %(brand_m81)s, %(query_type_m81)s, %(source_m81)s, %(author_m81)s, %(title_m81)s, %(description_m81)s, %(url_m81)s, %(published_at_m81)s, %(collected_at_m81)s, %(compound_m81)s, %(positive_score_m81)s, %(negative_score_m81)s, %(neutral_score_m81)s, %(sentiment_label_m81)s), (%(article_id_m82)s, %(brand_m82)s, %(query_type_m82)s, %(source_m82)s, %(author_m82)s, %(title_m82)s, %(description_m82)s, %(url_m82)s, %(published_at_m82)s, %(collected_at_m82)s, %(compound_m82)s, %(positive_score_m82)s, %(negative_score_m82)s, %(neutral_score_m82)s, %(sentiment_label_m82)s), (%(article_id_m83)s, %(brand_m83)s, %(query_type_m83)s, %(source_m83)s, %(author_m83)s, %(title_m83)s, %(description_m83)s, %(url_m83)s, %(published_at_m83)s, %(collected_at_m83)s, %(compound_m83)s, %(positive_score_m83)s, %(negative_score_m83)s, %(neutral_score_m83)s, %(sentiment_label_m83)s), (%(article_id_m84)s, %(brand_m84)s, %(query_type_m84)s, %(source_m84)s, %(author_m84)s, %(title_m84)s, %(description_m84)s, %(url_m84)s, %(published_at_m84)s, %(collected_at_m84)s, %(compound_m84)s, %(positive_score_m84)s, %(negative_score_m84)s, %(neutral_score_m84)s, %(sentiment_label_m84)s), (%(article_id_m85)s, %(brand_m85)s, %(query_type_m85)s, %(source_m85)s, %(author_m85)s, %(title_m85)s, %(description_m85)s, %(url_m85)s, %(published_at_m85)s, %(collected_at_m85)s, %(compound_m85)s, %(positive_score_m85)s, %(negative_score_m85)s, %(neutral_score_m85)s, %(sentiment_label_m85)s), (%(article_id_m86)s, %(brand_m86)s, %(query_type_m86)s, %(source_m86)s, %(author_m86)s, %(title_m86)s, %(description_m86)s, %(url_m86)s, %(published_at_m86)s, %(collected_at_m86)s, %(compound_m86)s, %(positive_score_m86)s, %(negative_score_m86)s, %(neutral_score_m86)s, %(sentiment_label_m86)s), (%(article_id_m87)s, %(brand_m87)s, %(query_type_m87)s, %(source_m87)s, %(author_m87)s, %(title_m87)s, %(description_m87)s, %(url_m87)s, %(published_at_m87)s, %(collected_at_m87)s, %(compound_m87)s, %(positive_score_m87)s, %(negative_score_m87)s, %(neutral_score_m87)s, %(sentiment_label_m87)s), (%(article_id_m88)s, %(brand_m88)s, %(query_type_m88)s, %(source_m88)s, %(author_m88)s, %(title_m88)s, %(description_m88)s, %(url_m88)s, %(published_at_m88)s, %(collected_at_m88)s, %(compound_m88)s, %(positive_score_m88)s, %(negative_score_m88)s, %(neutral_score_m88)s, %(sentiment_label_m88)s), (%(article_id_m89)s, %(brand_m89)s, %(query_type_m89)s, %(source_m89)s, %(author_m89)s, %(title_m89)s, %(description_m89)s, %(url_m89)s, %(published_at_m89)s, %(collected_at_m89)s, %(compound_m89)s, %(positive_score_m89)s, %(negative_score_m89)s, %(neutral_score_m89)s, %(sentiment_label_m89)s), (%(article_id_m90)s, %(brand_m90)s, %(query_type_m90)s, %(source_m90)s, %(author_m90)s, %(title_m90)s, %(description_m90)s, %(url_m90)s, %(published_at_m90)s, %(collected_at_m90)s, %(compound_m90)s, %(positive_score_m90)s, %(negative_score_m90)s, %(neutral_score_m90)s, %(sentiment_label_m90)s), (%(article_id_m91)s, %(brand_m91)s, %(query_type_m91)s, %(source_m91)s, %(author_m91)s, %(title_m91)s, %(description_m91)s, %(url_m91)s, %(published_at_m91)s, %(collected_at_m91)s, %(compound_m91)s, %(positive_score_m91)s, %(negative_score_m91)s, %(neutral_score_m91)s, %(sentiment_label_m91)s), (%(article_id_m92)s, %(brand_m92)s, %(query_type_m92)s, %(source_m92)s, %(author_m92)s, %(title_m92)s, %(description_m92)s, %(url_m92)s, %(published_at_m92)s, %(collected_at_m92)s, %(compound_m92)s, %(positive_score_m92)s, %(negative_score_m92)s, %(neutral_score_m92)s, %(sentiment_label_m92)s), (%(article_id_m93)s, %(brand_m93)s, %(query_type_m93)s, %(source_m93)s, %(author_m93)s, %(title_m93)s, %(description_m93)s, %(url_m93)s, %(published_at_m93)s, %(collected_at_m93)s, %(compound_m93)s, %(positive_score_m93)s, %(negative_score_m93)s, %(neutral_score_m93)s, %(sentiment_label_m93)s), (%(article_id_m94)s, %(brand_m94)s, %(query_type_m94)s, %(source_m94)s, %(author_m94)s, %(title_m94)s, %(description_m94)s, %(url_m94)s, %(published_at_m94)s, %(collected_at_m94)s, %(compound_m94)s, %(positive_score_m94)s, %(negative_score_m94)s, %(neutral_score_m94)s, %(sentiment_label_m94)s), (%(article_id_m95)s, %(brand_m95)s, %(query_type_m95)s, %(source_m95)s, %(author_m95)s, %(title_m95)s, %(description_m95)s, %(url_m95)s, %(published_at_m95)s, %(collected_at_m95)s, %(compound_m95)s, %(positive_score_m95)s, %(negative_score_m95)s, %(neutral_score_m95)s, %(sentiment_label_m95)s), (%(article_id_m96)s, %(brand_m96)s, %(query_type_m96)s, %(source_m96)s, %(author_m96)s, %(title_m96)s, %(description_m96)s, %(url_m96)s, %(published_at_m96)s, %(collected_at_m96)s, %(compound_m96)s, %(positive_score_m96)s, %(negative_score_m96)s, %(neutral_score_m96)s, %(sentiment_label_m96)s), (%(article_id_m97)s, %(brand_m97)s, %(query_type_m97)s, %(source_m97)s, %(author_m97)s, %(title_m97)s, %(description_m97)s, %(url_m97)s, %(published_at_m97)s, %(collected_at_m97)s, %(compound_m97)s, %(positive_score_m97)s, %(negative_score_m97)s, %(neutral_score_m97)s, %(sentiment_label_m97)s), (%(article_id_m98)s, %(brand_m98)s, %(query_type_m98)s, %(source_m98)s, %(author_m98)s, %(title_m98)s, %(description_m98)s, %(url_m98)s, %(published_at_m98)s, %(collected_at_m98)s, %(compound_m98)s, %(positive_score_m98)s, %(negative_score_m98)s, %(neutral_score_m98)s, %(sentiment_label_m98)s), (%(article_id_m99)s, %(brand_m99)s, %(query_type_m99)s, %(source_m99)s, %(author_m99)s, %(title_m99)s, %(description_m99)s, %(url_m99)s, %(published_at_m99)s, %(collected_at_m99)s, %(compound_m99)s, %(positive_score_m99)s, %(negative_score_m99)s, %(neutral_score_m99)s, %(sentiment_label_m99)s)]
[parameters: {'article_id_m0': 'a7d29028d77490d644d9', 'brand_m0': 'Tesla', 'query_type_m0': 'Tesla Model Y', 'source_m0': 'Autocar', 'author_m0': 'Autocar', 'title_m0': 'The 10 most reliable car brands - and the 10 LEAST', 'description_m0': "We recently reported the latest results from the reliability survey from our sister magazine What Car?, highlighting the car models we believe are the most reliable - and the cars that are least reliable.\r\n\n\r\n\nIn this story, we're looking at the car brands th…", 'url_m0': 'https://www.autocar.co.uk/car-news/slideshow/10-most-reliable-car-brands-and-10-least-80', 'published_at_m0': datetime.datetime(2026, 5, 19, 0, 28, 8, tzinfo=datetime.timezone.utc), 'collected_at_m0': datetime.datetime(2026, 5, 31, 2, 20, 9, 957871, tzinfo=datetime.timezone.utc), 'compound_m0': 0.0, 'positive_score_m0': 0.0, 'negative_score_m0': 0.0, 'neutral_score_m0': 1.0, 'sentiment_label_m0': 'neutral', 'article_id_m1': 'ffb6717606a297c07f24', 'brand_m1': 'Tesla', 'query_type_m1': 'Tesla Model Y', 'source_m1': 'Autocar', 'author_m1': 'Autocar', 'title_m1': 'The 10 most reliable car brands - and the 10 LEAST', 'description_m1': "We recently reported the latest results from the reliability survey from our sister magazine What Car?, highlighting the car models we believe are the most reliable - and the cars that are least reliable.\r\n\n\r\n\nIn this story, we're looking at the car brands th…", 'url_m1': 'https://www.autocar.co.uk/car-news/slideshow/10-most-reliable-car-brands-and-10-least-79', 'published_at_m1': datetime.datetime(2026, 5, 19, 0, 28, 7, tzinfo=datetime.timezone.utc), 'collected_at_m1': datetime.datetime(2026, 5, 31, 2, 20, 9, 957913, tzinfo=datetime.timezone.utc), 'compound_m1': 0.0, 'positive_score_m1': 0.0, 'negative_score_m1': 0.0, 'neutral_score_m1': 1.0, 'sentiment_label_m1': 'neutral', 'article_id_m2': '42539b1668a02d9d17a3', 'brand_m2': 'Tesla', 'query_type_m2': 'Tesla Model Y', 'source_m2': 'Autocar', 'author_m2': 'Autocar', 'title_m2': 'The 10 most reliable car brands - and the 10 LEAST', 'description_m2': "We recently reported the latest results from the reliability survey from our sister magazine What Car?, highlighting the car models we believe are the most reliable - and the cars that are least reliable.\r\n\n\r\n\nIn this story, we're looking at the car brands th…", 'url_m2': 'https://www.autocar.co.uk/car-news/slideshow/10-most-reliable-car-brands-and-10-least-78', 'published_at_m2': datetime.datetime(2026, 5, 19, 0, 28, 6, tzinfo=datetime.timezone.utc), 'collected_at_m2': datetime.datetime(2026, 5, 31, 2, 20, 9, 957954, tzinfo=datetime.timezone.utc), 'compound_m2': 0.0, 'positive_score_m2': 0.0, 'negative_score_m2': 0.0, 'neutral_score_m2': 1.0, 'sentiment_label_m2': 'neutral', 'article_id_m3': '3be3dcbfa6b0793c33f6', 'brand_m3': 'Tesla', 'query_type_m3': 'Tesla Model Y', 'source_m3': 'Autocar', 'author_m3': 'Autocar' ... 1400 parameters truncated ... 'compound_m96': 0.0, 'positive_score_m96': 0.0, 'negative_score_m96': 0.0, 'neutral_score_m96': 1.0, 'sentiment_label_m96': 'neutral', 'article_id_m97': '4df2137c97a0dacb81cd', 'brand_m97': 'Hyundai', 'query_type_m97': 'Hyundai Ioniq', 'source_m97': 'AutoExpress', 'author_m97': 'Tom Jervis', 'title_m97': 'Three-car garage: Vauxhall Insignia, Fiat 124 Spider and Hyundai Ioniq Electric for £30k', 'description_m97': 'New cars are getting insanely expensive; we find three cars to fit every scenario for less than a base Kia Sportage', 'url_m97': 'https://www.autoexpress.co.uk/features/369651/three-car-garage-vauxhall-insignia-fiat-124-spider-and-hyundai-ioniq-electric-ps30k', 'published_at_m97': datetime.datetime(2026, 5, 24, 11, 8, 35, tzinfo=datetime.timezone.utc), 'collected_at_m97': datetime.datetime(2026, 5, 31, 2, 20, 9, 968160, tzinfo=datetime.timezone.utc), 'compound_m97': -0.4019, 'positive_score_m97': 0.065, 'negative_score_m97': 0.109, 'neutral_score_m97': 0.827, 'sentiment_label_m97': 'negative', 'article_id_m98': 'cf62b9a411731896bd82', 'brand_m98': 'Hyundai', 'query_type_m98': 'Hyundai Ioniq', 'source_m98': 'Freerepublic.com', 'author_m98': 'INSIDEEVS', 'title_m98': 'I Love EVs, But Kia and Hyundai Are Making That Harder', 'description_m98': 'My family leased a Kia EV9 and a Hyundai Ioniq 5. It shows your mileage may vary in even the most critically acclaimed electric cars. ...“Later that day” ended up taking much longer. The service center did not have the car ready until the end of the day on Ja…', 'url_m98': 'https://freerepublic.com/focus/f-chat/4380635/posts', 'published_at_m98': datetime.datetime(2026, 5, 23, 15, 11, 4, tzinfo=datetime.timezone.utc), 'collected_at_m98': datetime.datetime(2026, 5, 31, 2, 20, 9, 968251, tzinfo=datetime.timezone.utc), 'compound_m98': -0.8294, 'positive_score_m98': 0.079, 'negative_score_m98': 0.156, 'neutral_score_m98': 0.766, 'sentiment_label_m98': 'negative', 'article_id_m99': '232c7efdd6007ecc4a7e', 'brand_m99': 'Hyundai', 'query_type_m99': 'Hyundai Ioniq', 'source_m99': 'PRNewswire', 'author_m99': 'Unknown', 'title_m99': "Hyundai Marks 10th Annual National Salute to America's Heroes with $100,000 Donation to Folds of Honor", 'description_m99': "Memorial Day Weekend event returns to Miami Beach May 23–24, 2026, featuring the Hyundai Air & Sea Show Celebration coincides with Hyundai's 40 years in America and the nation's 250th anniversary Hyundai strengthens support for military and veteran communitie…", 'url_m99': 'https://www.prnewswire.com/news-releases/hyundai-marks-10th-annual-national-salute-to-americas-heroes-with-100-000-donation-to-folds-of-honor-302780566.html', 'published_at_m99': datetime.datetime(2026, 5, 23, 1, 31, tzinfo=datetime.timezone.utc), 'collected_at_m99': datetime.datetime(2026, 5, 31, 2, 20, 9, 968352, tzinfo=datetime.timezone.utc), 'compound_m99': 0.9042, 'positive_score_m99': 0.193, 'negative_score_m99': 0.0, 'neutral_score_m99': 0.807, 'sentiment_label_m99': 'positive'}]
(Background on this error at: https://sqlalche.me/e/20/9h9h)
2026-05-30 22:24:39  [INFO]  ============================================================
2026-05-30 22:24:39  [INFO]  TESLA EV BRAND SENTIMENT ETL PIPELINE - START
2026-05-30 22:24:39  [INFO]  Run timestamp: 2026-05-31T02:24:39.086624+00:00
2026-05-30 22:24:39  [INFO]  ============================================================
2026-05-30 22:24:39  [INFO]  Initializing clients...
2026-05-30 22:24:39  [INFO]    NewsAPI client initialized
2026-05-30 22:24:39  [INFO]    Supabase engine initialized
2026-05-30 22:24:40  [INFO]    Supabase connection test: OK
2026-05-30 22:24:40  [INFO]  ============================================================
2026-05-30 22:24:40  [INFO]  STAGE 1: EXTRACTION
2026-05-30 22:24:40  [INFO]  ============================================================
2026-05-30 22:24:40  [INFO]  Fetching articles for brand: Tesla
2026-05-30 22:24:40  [INFO]    [Tesla electric car] -> 95 articles
2026-05-30 22:24:40  [INFO]    [Elon Musk] -> 92 articles
2026-05-30 22:24:40  [INFO]    [Tesla Model 3] -> 97 articles
2026-05-30 22:24:40  [INFO]    [Tesla Model Y] -> 97 articles
2026-05-30 22:24:40  [INFO]    [Tesla Cybertruck] -> 94 articles
2026-05-30 22:24:40  [INFO]  Fetching articles for brand: Hyundai
2026-05-30 22:24:41  [INFO]    [Hyundai Ioniq] -> 95 articles
2026-05-30 22:24:41  [INFO]    [Hyundai Ioniq 5] -> 79 articles
2026-05-30 22:24:41  [INFO]    [Hyundai EV] -> 98 articles
2026-05-30 22:24:41  [INFO]  Fetching articles for brand: Rivian
2026-05-30 22:24:41  [INFO]    [Rivian electric] -> 94 articles
2026-05-30 22:24:41  [INFO]    [Rivian R1T] -> 23 articles
2026-05-30 22:24:41  [INFO]    [Rivian R1S] -> 27 articles
2026-05-30 22:24:41  [INFO]  Fetching articles for brand: Ford EV
2026-05-30 22:24:41  [INFO]    [Ford Mustang Mach-E] -> 22 articles
2026-05-30 22:24:42  [INFO]    [Ford electric vehicle] -> 98 articles
2026-05-30 22:24:42  [INFO]  Fetching articles for brand: BYD
2026-05-30 22:24:42  [INFO]    [BYD electric car] -> 91 articles
2026-05-30 22:24:42  [INFO]    [BYD EV] -> 96 articles
2026-05-30 22:24:42  [INFO]  Extraction complete. Total raw articles: 1198
2026-05-30 22:24:42  [INFO]  ============================================================
2026-05-30 22:24:42  [INFO]  STAGE 2: TRANSFORMATION & CLEANING
2026-05-30 22:24:42  [INFO]  ============================================================
2026-05-30 22:24:42  [INFO]  Transformation complete. Clean articles: 1198
2026-05-30 22:24:42  [INFO]  ============================================================
2026-05-30 22:24:42  [INFO]  STAGE 3: DATA VALIDATION & QUALITY CHECKS
2026-05-30 22:24:42  [INFO]  ============================================================
2026-05-30 22:24:42  [INFO]    [PASS] Row count: 1198 rows
2026-05-30 22:24:42  [INFO]    [PASS] Schema check: All required columns present
2026-05-30 22:24:42  [INFO]    [PASS] No nulls in article_id
2026-05-30 22:24:42  [INFO]    [PASS] No nulls in brand
2026-05-30 22:24:42  [INFO]    [PASS] No nulls in title
2026-05-30 22:24:42  [INFO]    [PASS] No nulls in url
2026-05-30 22:24:42  [INFO]    [PASS] No nulls in published_at
2026-05-30 22:24:42  [INFO]    [PASS] No nulls in sentiment_label
2026-05-30 22:24:42  [WARNING]    [WARN] 437 duplicate URLs - removing
2026-05-30 22:24:42  [INFO]    Deduplicated. Remaining rows: 761
2026-05-30 22:24:42  [INFO]    [PASS] No duplicate article_ids
2026-05-30 22:24:42  [INFO]    [PASS] All compound scores within [-1.0, 1.0]
2026-05-30 22:24:42  [INFO]    [PASS] All sentiment labels valid
2026-05-30 22:24:42  [INFO]    [PASS] All 5 brands present
2026-05-30 22:24:42  [INFO]    [INFO] Date range: 2026-04-30 to 2026-05-30
2026-05-30 22:24:42  [INFO]  Validation complete. ALL CHECKS PASSED
2026-05-30 22:24:42  [INFO]  Sentiment breakdown:
2026-05-30 22:24:42  [INFO]    positive: 384 (50.5%)
2026-05-30 22:24:42  [INFO]    negative: 234 (30.7%)
2026-05-30 22:24:42  [INFO]    neutral: 143 (18.8%)
2026-05-30 22:24:42  [INFO]  ============================================================
2026-05-30 22:24:42  [INFO]  STAGE 4: DATABASE LOADING (INCREMENTAL)
2026-05-30 22:24:42  [INFO]  ============================================================
2026-05-30 22:24:42  [INFO]    Table tesla_sentiment.articles confirmed
2026-05-30 22:24:42  [INFO]    Existing articles in DB: 178
2026-05-30 22:24:42  [INFO]    New articles to insert: 583
2026-05-30 22:24:43  [INFO]    Insert complete. Total rows in DB: 761
2026-05-30 22:24:43  [INFO]    New rows added this run: 583
2026-05-30 22:24:43  [INFO]  ============================================================
2026-05-30 22:24:43  [INFO]  STAGE 5: ANALYTICS PREPARATION
2026-05-30 22:24:43  [INFO]  ============================================================
2026-05-30 22:24:44  [INFO]    brand_sentiment_summary: 5 rows written
2026-05-30 22:24:45  [INFO]    daily_sentiment_trend: 110 rows written
2026-05-30 22:24:45  [INFO]    Brand Sentiment Summary:
2026-05-30 22:24:45  [INFO]      Ford EV | articles=86 | avg_sentiment=0.304 | positive=61.6%
2026-05-30 22:24:45  [INFO]      Rivian | articles=65 | avg_sentiment=0.2276 | positive=58.5%
2026-05-30 22:24:45  [INFO]      BYD | articles=92 | avg_sentiment=0.171 | positive=55.4%
2026-05-30 22:24:45  [INFO]      Hyundai | articles=135 | avg_sentiment=0.1246 | positive=48.9%
2026-05-30 22:24:45  [INFO]      Tesla | articles=383 | avg_sentiment=0.0566 | positive=46.0%
2026-05-30 22:24:45  [INFO]  ============================================================
2026-05-30 22:24:45  [INFO]  PIPELINE COMPLETE - 6s elapsed
2026-05-30 22:24:45  [INFO]  Total articles processed: 761
2026-05-30 22:24:45  [INFO]  ============================================================
2026-05-30 22:25:19  [INFO]  ============================================================
2026-05-30 22:25:19  [INFO]  TESLA EV BRAND SENTIMENT ETL PIPELINE - START
2026-05-30 22:25:19  [INFO]  Run timestamp: 2026-05-31T02:25:19.901347+00:00
2026-05-30 22:25:19  [INFO]  ============================================================
2026-05-30 22:25:19  [INFO]  Initializing clients...
2026-05-30 22:25:19  [INFO]    NewsAPI client initialized
2026-05-30 22:25:19  [INFO]    Supabase engine initialized
2026-05-30 22:25:20  [INFO]    Supabase connection test: OK
2026-05-30 22:25:20  [INFO]  ============================================================
2026-05-30 22:25:20  [INFO]  STAGE 1: EXTRACTION
2026-05-30 22:25:20  [INFO]  ============================================================
2026-05-30 22:25:20  [INFO]  Fetching articles for brand: Tesla
2026-05-30 22:25:21  [INFO]    [Tesla electric car] -> 95 articles
2026-05-30 22:25:21  [INFO]    [Elon Musk] -> 92 articles
2026-05-30 22:25:22  [INFO]    [Tesla Model 3] -> 97 articles
2026-05-30 22:25:22  [INFO]    [Tesla Model Y] -> 97 articles
2026-05-30 22:25:23  [INFO]    [Tesla Cybertruck] -> 94 articles
2026-05-30 22:25:23  [INFO]  Fetching articles for brand: Hyundai
2026-05-30 22:25:23  [INFO]    [Hyundai Ioniq] -> 95 articles
2026-05-30 22:25:24  [INFO]    [Hyundai Ioniq 5] -> 79 articles
2026-05-30 22:25:24  [INFO]    [Hyundai EV] -> 98 articles
2026-05-30 22:25:24  [INFO]  Fetching articles for brand: Rivian
2026-05-30 22:25:25  [INFO]    [Rivian electric] -> 94 articles
2026-05-30 22:25:25  [INFO]    [Rivian R1T] -> 23 articles
2026-05-30 22:25:25  [INFO]    [Rivian R1S] -> 27 articles
2026-05-30 22:25:25  [INFO]  Fetching articles for brand: Ford EV
2026-05-30 22:25:25  [INFO]    [Ford Mustang Mach-E] -> 22 articles
2026-05-30 22:25:26  [INFO]    [Ford electric vehicle] -> 98 articles
2026-05-30 22:25:26  [INFO]  Fetching articles for brand: BYD
2026-05-30 22:25:27  [INFO]    [BYD electric car] -> 91 articles
2026-05-30 22:25:27  [INFO]    [BYD EV] -> 96 articles
2026-05-30 22:25:27  [INFO]  Extraction complete. Total raw articles: 1198
2026-05-30 22:25:27  [INFO]  ============================================================
2026-05-30 22:25:27  [INFO]  STAGE 2: TRANSFORMATION & CLEANING
2026-05-30 22:25:27  [INFO]  ============================================================
2026-05-30 22:25:27  [INFO]  Transformation complete. Clean articles: 1198
2026-05-30 22:25:27  [INFO]  ============================================================
2026-05-30 22:25:27  [INFO]  STAGE 3: DATA VALIDATION & QUALITY CHECKS
2026-05-30 22:25:27  [INFO]  ============================================================
2026-05-30 22:25:27  [INFO]    [PASS] Row count: 1198 rows
2026-05-30 22:25:27  [INFO]    [PASS] Schema check: All required columns present
2026-05-30 22:25:27  [INFO]    [PASS] No nulls in article_id
2026-05-30 22:25:27  [INFO]    [PASS] No nulls in brand
2026-05-30 22:25:27  [INFO]    [PASS] No nulls in title
2026-05-30 22:25:27  [INFO]    [PASS] No nulls in url
2026-05-30 22:25:27  [INFO]    [PASS] No nulls in published_at
2026-05-30 22:25:27  [INFO]    [PASS] No nulls in sentiment_label
2026-05-30 22:25:27  [WARNING]    [WARN] 437 duplicate URLs - removing
2026-05-30 22:25:27  [INFO]    Deduplicated. Remaining rows: 761
2026-05-30 22:25:27  [INFO]    [PASS] No duplicate article_ids
2026-05-30 22:25:27  [INFO]    [PASS] All compound scores within [-1.0, 1.0]
2026-05-30 22:25:27  [INFO]    [PASS] All sentiment labels valid
2026-05-30 22:25:27  [INFO]    [PASS] All 5 brands present
2026-05-30 22:25:27  [INFO]    [INFO] Date range: 2026-04-30 to 2026-05-30
2026-05-30 22:25:27  [INFO]  Validation complete. ALL CHECKS PASSED
2026-05-30 22:25:27  [INFO]  Sentiment breakdown:
2026-05-30 22:25:27  [INFO]    positive: 384 (50.5%)
2026-05-30 22:25:27  [INFO]    negative: 234 (30.7%)
2026-05-30 22:25:27  [INFO]    neutral: 143 (18.8%)
2026-05-30 22:25:27  [INFO]  ============================================================
2026-05-30 22:25:27  [INFO]  STAGE 4: DATABASE LOADING (INCREMENTAL)
2026-05-30 22:25:27  [INFO]  ============================================================
2026-05-30 22:25:27  [INFO]    Table tesla_sentiment.articles confirmed
2026-05-30 22:25:28  [INFO]    Existing articles in DB: 761
2026-05-30 22:25:28  [INFO]    New articles to insert: 0
2026-05-30 22:25:28  [INFO]    No new articles - pipeline is up to date
2026-05-30 22:25:28  [INFO]  ============================================================
2026-05-30 22:25:28  [INFO]  STAGE 5: ANALYTICS PREPARATION
2026-05-30 22:25:28  [INFO]  ============================================================
2026-05-30 22:25:28  [INFO]    brand_sentiment_summary: 5 rows written
2026-05-30 22:25:29  [INFO]    daily_sentiment_trend: 110 rows written
2026-05-30 22:25:29  [INFO]    Brand Sentiment Summary:
2026-05-30 22:25:29  [INFO]      Ford EV | articles=86 | avg_sentiment=0.304 | positive=61.6%
2026-05-30 22:25:29  [INFO]      Rivian | articles=65 | avg_sentiment=0.2276 | positive=58.5%
2026-05-30 22:25:29  [INFO]      BYD | articles=92 | avg_sentiment=0.171 | positive=55.4%
2026-05-30 22:25:29  [INFO]      Hyundai | articles=135 | avg_sentiment=0.1246 | positive=48.9%
2026-05-30 22:25:29  [INFO]      Tesla | articles=383 | avg_sentiment=0.0566 | positive=46.0%
2026-05-30 22:25:29  [INFO]  ============================================================
2026-05-30 22:25:29  [INFO]  PIPELINE COMPLETE - 9s elapsed
2026-05-30 22:25:29  [INFO]  Total articles processed: 761
2026-05-30 22:25:29  [INFO]  ============================================================
2026-05-30 22:26:42  [INFO]  ============================================================
2026-05-30 22:26:42  [INFO]  TESLA EV BRAND SENTIMENT ETL PIPELINE - START
2026-05-30 22:26:42  [INFO]  Run timestamp: 2026-05-31T02:26:42.823104+00:00
2026-05-30 22:26:42  [INFO]  ============================================================
2026-05-30 22:26:42  [INFO]  Initializing clients...
2026-05-30 22:26:42  [INFO]    NewsAPI client initialized
2026-05-30 22:26:42  [INFO]    Supabase engine initialized
2026-05-30 22:26:43  [INFO]    Supabase connection test: OK
2026-05-30 22:26:43  [INFO]  ============================================================
2026-05-30 22:26:43  [INFO]  STAGE 1: EXTRACTION
2026-05-30 22:26:43  [INFO]  ============================================================
2026-05-30 22:26:43  [INFO]  Fetching articles for brand: Tesla
2026-05-30 22:26:43  [ERROR]    ERROR fetching Tesla electric car: {'status': 'error', 'code': 'apiKeyInvalid', 'message': 'Your API key is invalid or incorrect. Check your key, or go to https://newsapi.org to create a free API key.'}
2026-05-30 22:26:43  [ERROR]    ERROR fetching Elon Musk: {'status': 'error', 'code': 'apiKeyInvalid', 'message': 'Your API key is invalid or incorrect. Check your key, or go to https://newsapi.org to create a free API key.'}
2026-05-30 22:26:44  [ERROR]    ERROR fetching Tesla Model 3: {'status': 'error', 'code': 'apiKeyInvalid', 'message': 'Your API key is invalid or incorrect. Check your key, or go to https://newsapi.org to create a free API key.'}
2026-05-30 22:26:44  [ERROR]    ERROR fetching Tesla Model Y: {'status': 'error', 'code': 'apiKeyInvalid', 'message': 'Your API key is invalid or incorrect. Check your key, or go to https://newsapi.org to create a free API key.'}
2026-05-30 22:26:44  [ERROR]    ERROR fetching Tesla Cybertruck: {'status': 'error', 'code': 'apiKeyInvalid', 'message': 'Your API key is invalid or incorrect. Check your key, or go to https://newsapi.org to create a free API key.'}
2026-05-30 22:26:44  [INFO]  Fetching articles for brand: Hyundai
2026-05-30 22:26:44  [ERROR]    ERROR fetching Hyundai Ioniq: {'status': 'error', 'code': 'apiKeyInvalid', 'message': 'Your API key is invalid or incorrect. Check your key, or go to https://newsapi.org to create a free API key.'}
2026-05-30 22:26:44  [ERROR]    ERROR fetching Hyundai Ioniq 5: {'status': 'error', 'code': 'apiKeyInvalid', 'message': 'Your API key is invalid or incorrect. Check your key, or go to https://newsapi.org to create a free API key.'}
2026-05-30 22:26:44  [ERROR]    ERROR fetching Hyundai EV: {'status': 'error', 'code': 'apiKeyInvalid', 'message': 'Your API key is invalid or incorrect. Check your key, or go to https://newsapi.org to create a free API key.'}
2026-05-30 22:26:44  [INFO]  Fetching articles for brand: Rivian
2026-05-30 22:26:45  [ERROR]    ERROR fetching Rivian electric: {'status': 'error', 'code': 'apiKeyInvalid', 'message': 'Your API key is invalid or incorrect. Check your key, or go to https://newsapi.org to create a free API key.'}
2026-05-30 22:26:45  [ERROR]    ERROR fetching Rivian R1T: {'status': 'error', 'code': 'apiKeyInvalid', 'message': 'Your API key is invalid or incorrect. Check your key, or go to https://newsapi.org to create a free API key.'}
2026-05-30 22:26:45  [ERROR]    ERROR fetching Rivian R1S: {'status': 'error', 'code': 'apiKeyInvalid', 'message': 'Your API key is invalid or incorrect. Check your key, or go to https://newsapi.org to create a free API key.'}
2026-05-30 22:26:45  [INFO]  Fetching articles for brand: Ford EV
2026-05-30 22:26:45  [ERROR]    ERROR fetching Ford Mustang Mach-E: {'status': 'error', 'code': 'apiKeyInvalid', 'message': 'Your API key is invalid or incorrect. Check your key, or go to https://newsapi.org to create a free API key.'}
2026-05-30 22:26:45  [ERROR]    ERROR fetching Ford electric vehicle: {'status': 'error', 'code': 'apiKeyInvalid', 'message': 'Your API key is invalid or incorrect. Check your key, or go to https://newsapi.org to create a free API key.'}
2026-05-30 22:26:45  [INFO]  Fetching articles for brand: BYD
2026-05-30 22:26:45  [ERROR]    ERROR fetching BYD electric car: {'status': 'error', 'code': 'apiKeyInvalid', 'message': 'Your API key is invalid or incorrect. Check your key, or go to https://newsapi.org to create a free API key.'}
2026-05-30 22:26:45  [ERROR]    ERROR fetching BYD EV: {'status': 'error', 'code': 'apiKeyInvalid', 'message': 'Your API key is invalid or incorrect. Check your key, or go to https://newsapi.org to create a free API key.'}
2026-05-30 22:26:45  [INFO]  Extraction complete. Total raw articles: 0
2026-05-30 22:26:45  [INFO]  ============================================================
2026-05-30 22:26:45  [INFO]  STAGE 2: TRANSFORMATION & CLEANING
2026-05-30 22:26:45  [INFO]  ============================================================
2026-05-30 22:26:45  [INFO]  Transformation complete. Clean articles: 0
2026-05-30 22:26:45  [INFO]  ============================================================
2026-05-30 22:26:45  [INFO]  STAGE 3: DATA VALIDATION & QUALITY CHECKS
2026-05-30 22:26:45  [INFO]  ============================================================
2026-05-30 22:26:45  [ERROR]    [FAIL] Row count: DataFrame is empty - nothing to load
2026-05-30 22:26:45  [ERROR]  Validation failed - aborting pipeline
2026-05-30 22:27:23  [INFO]  ============================================================
2026-05-30 22:27:23  [INFO]  TESLA EV BRAND SENTIMENT ETL PIPELINE - START
2026-05-30 22:27:23  [INFO]  Run timestamp: 2026-05-31T02:27:23.451840+00:00
2026-05-30 22:27:23  [INFO]  ============================================================
2026-05-30 22:27:23  [INFO]  Initializing clients...
2026-05-30 22:27:23  [INFO]    NewsAPI client initialized
2026-05-30 22:27:23  [INFO]    Supabase engine initialized
2026-05-30 22:27:24  [INFO]    Supabase connection test: OK
2026-05-30 22:27:24  [INFO]  ============================================================
2026-05-30 22:27:24  [INFO]  STAGE 1: EXTRACTION
2026-05-30 22:27:24  [INFO]  ============================================================
2026-05-30 22:27:24  [INFO]  Fetching articles for brand: Tesla
2026-05-30 22:27:24  [INFO]    [Tesla electric car] -> 19 articles
2026-05-30 22:27:24  [INFO]    [Elon Musk] -> 18 articles
2026-05-30 22:27:25  [INFO]    [Tesla Model 3] -> 19 articles
2026-05-30 22:27:25  [INFO]    [Tesla Model Y] -> 19 articles
2026-05-30 22:27:26  [INFO]    [Tesla Cybertruck] -> 19 articles
2026-05-30 22:27:26  [INFO]  Fetching articles for brand: Hyundai
2026-05-30 22:27:26  [INFO]    [Hyundai Ioniq] -> 17 articles
2026-05-30 22:27:26  [INFO]    [Hyundai Ioniq 5] -> 18 articles
2026-05-30 22:27:27  [INFO]    [Hyundai EV] -> 19 articles
2026-05-30 22:27:27  [INFO]  Fetching articles for brand: Rivian
2026-05-30 22:27:27  [INFO]    [Rivian electric] -> 18 articles
2026-05-30 22:27:27  [INFO]    [Rivian R1T] -> 20 articles
2026-05-30 22:27:28  [INFO]    [Rivian R1S] -> 20 articles
2026-05-30 22:27:28  [INFO]  Fetching articles for brand: Ford EV
2026-05-30 22:27:28  [INFO]    [Ford Mustang Mach-E] -> 20 articles
2026-05-30 22:27:28  [INFO]    [Ford electric vehicle] -> 20 articles
2026-05-30 22:27:28  [INFO]  Fetching articles for brand: BYD
2026-05-30 22:27:29  [INFO]    [BYD electric car] -> 17 articles
2026-05-30 22:27:29  [INFO]    [BYD EV] -> 18 articles
2026-05-30 22:27:29  [INFO]  Extraction complete. Total raw articles: 281
2026-05-30 22:27:29  [INFO]  ============================================================
2026-05-30 22:27:29  [INFO]  STAGE 2: TRANSFORMATION & CLEANING
2026-05-30 22:27:29  [INFO]  ============================================================
2026-05-30 22:27:29  [INFO]  Transformation complete. Clean articles: 281
2026-05-30 22:27:29  [INFO]  ============================================================
2026-05-30 22:27:29  [INFO]  STAGE 3: DATA VALIDATION & QUALITY CHECKS
2026-05-30 22:27:29  [INFO]  ============================================================
2026-05-30 22:27:29  [INFO]    [PASS] Row count: 281 rows
2026-05-30 22:27:29  [INFO]    [PASS] Schema check: All required columns present
2026-05-30 22:27:29  [INFO]    [PASS] No nulls in article_id
2026-05-30 22:27:29  [INFO]    [PASS] No nulls in brand
2026-05-30 22:27:29  [INFO]    [PASS] No nulls in title
2026-05-30 22:27:29  [INFO]    [PASS] No nulls in url
2026-05-30 22:27:29  [INFO]    [PASS] No nulls in published_at
2026-05-30 22:27:29  [INFO]    [PASS] No nulls in sentiment_label
2026-05-30 22:27:29  [WARNING]    [WARN] 103 duplicate URLs - removing
2026-05-30 22:27:29  [INFO]    Deduplicated. Remaining rows: 178
2026-05-30 22:27:29  [INFO]    [PASS] No duplicate article_ids
2026-05-30 22:27:29  [INFO]    [PASS] All compound scores within [-1.0, 1.0]
2026-05-30 22:27:29  [INFO]    [PASS] All sentiment labels valid
2026-05-30 22:27:29  [INFO]    [PASS] All 5 brands present
2026-05-30 22:27:29  [INFO]    [INFO] Date range: 2026-05-01 to 2026-05-30
2026-05-30 22:27:29  [INFO]  Validation complete. ALL CHECKS PASSED
2026-05-30 22:27:29  [INFO]  Sentiment breakdown:
2026-05-30 22:27:29  [INFO]    positive: 88 (49.4%)
2026-05-30 22:27:29  [INFO]    negative: 53 (29.8%)
2026-05-30 22:27:29  [INFO]    neutral: 37 (20.8%)
2026-05-30 22:27:29  [INFO]  ============================================================
2026-05-30 22:27:29  [INFO]  STAGE 4: DATABASE LOADING (INCREMENTAL)
2026-05-30 22:27:29  [INFO]  ============================================================
2026-05-30 22:27:29  [INFO]    Table tesla_sentiment.articles confirmed
2026-05-30 22:27:30  [INFO]    Existing articles in DB: 761
2026-05-30 22:27:30  [INFO]    New articles to insert: 0
2026-05-30 22:27:30  [INFO]    No new articles - pipeline is up to date
2026-05-30 22:27:30  [INFO]  ============================================================
2026-05-30 22:27:30  [INFO]  STAGE 5: ANALYTICS PREPARATION
2026-05-30 22:27:30  [INFO]  ============================================================
2026-05-30 22:27:30  [INFO]    brand_sentiment_summary: 5 rows written
2026-05-30 22:27:31  [INFO]    daily_sentiment_trend: 49 rows written
2026-05-30 22:27:31  [INFO]    Brand Sentiment Summary:
2026-05-30 22:27:31  [INFO]      Rivian | articles=32 | avg_sentiment=0.1846 | positive=56.2%
2026-05-30 22:27:31  [INFO]      Ford EV | articles=29 | avg_sentiment=0.1547 | positive=44.8%
2026-05-30 22:27:31  [INFO]      BYD | articles=14 | avg_sentiment=0.1351 | positive=50.0%
2026-05-30 22:27:31  [INFO]      Tesla | articles=75 | avg_sentiment=0.0534 | positive=52.0%
2026-05-30 22:27:31  [INFO]      Hyundai | articles=28 | avg_sentiment=0.0529 | positive=39.3%
2026-05-30 22:27:31  [INFO]  ============================================================
2026-05-30 22:27:31  [INFO]  PIPELINE COMPLETE - 7s elapsed
2026-05-30 22:27:31  [INFO]  Total articles processed: 178
2026-05-30 22:27:31  [INFO]  ============================================================
2026-05-30 22:33:07  [INFO]  ============================================================
2026-05-30 22:33:07  [INFO]  TESLA EV BRAND SENTIMENT ETL PIPELINE - START
2026-05-30 22:33:07  [INFO]  Run timestamp: 2026-05-31T02:33:07.496607+00:00
2026-05-30 22:33:07  [INFO]  ============================================================
2026-05-30 22:33:07  [INFO]  Initializing clients...
2026-05-30 22:33:07  [INFO]    NewsAPI client initialized
2026-05-30 22:33:07  [INFO]    Supabase engine initialized
2026-05-30 22:33:08  [INFO]    Supabase connection test: OK
2026-05-30 22:33:08  [INFO]  ============================================================
2026-05-30 22:33:08  [INFO]  STAGE 1: EXTRACTION
2026-05-30 22:33:08  [INFO]  ============================================================
2026-05-30 22:33:08  [INFO]  Fetching articles for brand: Tesla
2026-05-30 22:33:10  [INFO]    [Tesla electric car] -> 95 articles
2026-05-30 22:33:10  [INFO]    [Elon Musk] -> 92 articles
2026-05-30 22:33:11  [INFO]    [Tesla Model 3] -> 97 articles
2026-05-30 22:33:11  [INFO]    [Tesla Model Y] -> 97 articles
2026-05-30 22:33:12  [INFO]    [Tesla Cybertruck] -> 94 articles
2026-05-30 22:33:12  [INFO]  Fetching articles for brand: Hyundai
2026-05-30 22:33:12  [INFO]    [Hyundai Ioniq] -> 95 articles
2026-05-30 22:33:13  [INFO]    [Hyundai Ioniq 5] -> 79 articles
2026-05-30 22:33:13  [INFO]    [Hyundai EV] -> 98 articles
2026-05-30 22:33:13  [INFO]  Fetching articles for brand: Rivian
2026-05-30 22:33:14  [INFO]    [Rivian electric] -> 94 articles
2026-05-30 22:33:14  [INFO]    [Rivian R1T] -> 23 articles
2026-05-30 22:33:14  [INFO]    [Rivian R1S] -> 27 articles
2026-05-30 22:33:14  [INFO]  Fetching articles for brand: Ford EV
2026-05-30 22:33:15  [INFO]    [Ford Mustang Mach-E] -> 22 articles
2026-05-30 22:33:15  [INFO]    [Ford electric vehicle] -> 98 articles
2026-05-30 22:33:15  [INFO]  Fetching articles for brand: BYD
2026-05-30 22:33:15  [ERROR]    ERROR fetching BYD electric car: {'status': 'error', 'code': 'rateLimited', 'message': 'You have made too many requests recently. Developer accounts are limited to 100 requests over a 24 hour period (50 requests available every 12 hours). Please upgrade to a paid plan if you need more requests.'}
2026-05-30 22:33:15  [ERROR]    ERROR fetching BYD EV: {'status': 'error', 'code': 'rateLimited', 'message': 'You have made too many requests recently. Developer accounts are limited to 100 requests over a 24 hour period (50 requests available every 12 hours). Please upgrade to a paid plan if you need more requests.'}
2026-05-30 22:33:15  [INFO]  Extraction complete. Total raw articles: 1011
2026-05-30 22:33:15  [INFO]  ============================================================
2026-05-30 22:33:15  [INFO]  STAGE 2: TRANSFORMATION & CLEANING
2026-05-30 22:33:15  [INFO]  ============================================================
2026-05-30 22:33:16  [INFO]  Transformation complete. Clean articles: 1011
2026-05-30 22:33:16  [INFO]  ============================================================
2026-05-30 22:33:16  [INFO]  STAGE 3: DATA VALIDATION & QUALITY CHECKS
2026-05-30 22:33:16  [INFO]  ============================================================
2026-05-30 22:33:16  [INFO]    [PASS] Row count: 1011 rows
2026-05-30 22:33:16  [INFO]    [PASS] Schema check: All required columns present
2026-05-30 22:33:16  [INFO]    [PASS] No nulls in article_id
2026-05-30 22:33:16  [INFO]    [PASS] No nulls in brand
2026-05-30 22:33:16  [INFO]    [PASS] No nulls in title
2026-05-30 22:33:16  [INFO]    [PASS] No nulls in url
2026-05-30 22:33:16  [INFO]    [PASS] No nulls in published_at
2026-05-30 22:33:16  [INFO]    [PASS] No nulls in sentiment_label
2026-05-30 22:33:16  [WARNING]    [WARN] 342 duplicate URLs - removing
2026-05-30 22:33:16  [INFO]    Deduplicated. Remaining rows: 669
2026-05-30 22:33:16  [INFO]    [PASS] No duplicate article_ids
2026-05-30 22:33:16  [INFO]    [PASS] All compound scores within [-1.0, 1.0]
2026-05-30 22:33:16  [INFO]    [PASS] All sentiment labels valid
2026-05-30 22:33:16  [WARNING]    [WARN] Missing brands: {'BYD'}
2026-05-30 22:33:16  [INFO]    [INFO] Date range: 2026-04-30 to 2026-05-30
2026-05-30 22:33:16  [INFO]  Validation complete. ALL CHECKS PASSED
2026-05-30 22:33:16  [INFO]  Sentiment breakdown:
2026-05-30 22:33:16  [INFO]    positive: 333 (49.8%)
2026-05-30 22:33:16  [INFO]    negative: 208 (31.1%)
2026-05-30 22:33:16  [INFO]    neutral: 128 (19.1%)
2026-05-30 22:33:16  [INFO]  ============================================================
2026-05-30 22:33:16  [INFO]  STAGE 4: DATABASE LOADING (INCREMENTAL)
2026-05-30 22:33:16  [INFO]  ============================================================
2026-05-30 22:33:16  [INFO]    Table tesla_sentiment.articles confirmed
2026-05-30 22:33:16  [INFO]    Existing articles in DB: 761
2026-05-30 22:33:16  [INFO]    New articles to insert: 1
2026-05-30 22:33:16  [INFO]    Insert complete. Total rows in DB: 762
2026-05-30 22:33:16  [INFO]    New rows added this run: 1
2026-05-30 22:33:16  [INFO]  ============================================================
2026-05-30 22:33:16  [INFO]  STAGE 5: ANALYTICS PREPARATION
2026-05-30 22:33:16  [INFO]  ============================================================
2026-05-30 22:33:17  [INFO]    brand_sentiment_summary: 4 rows written
2026-05-30 22:33:17  [INFO]    daily_sentiment_trend: 95 rows written
2026-05-30 22:33:17  [INFO]    Brand Sentiment Summary:
2026-05-30 22:33:17  [INFO]      Ford EV | articles=86 | avg_sentiment=0.304 | positive=61.6%
2026-05-30 22:33:17  [INFO]      Rivian | articles=65 | avg_sentiment=0.2276 | positive=58.5%
2026-05-30 22:33:17  [INFO]      Hyundai | articles=135 | avg_sentiment=0.1246 | positive=48.9%
2026-05-30 22:33:17  [INFO]      Tesla | articles=383 | avg_sentiment=0.0553 | positive=46.0%
2026-05-30 22:33:17  [INFO]  ============================================================
2026-05-30 22:33:17  [INFO]  PIPELINE COMPLETE - 10s elapsed
2026-05-30 22:33:17  [INFO]  Total articles processed: 669
2026-05-30 22:33:17  [INFO]  ============================================================
2026-05-30 22:43:32  [INFO]  ============================================================
2026-05-30 22:43:32  [INFO]  TESLA EV BRAND SENTIMENT ETL PIPELINE - START
2026-05-30 22:43:32  [INFO]  Run timestamp: 2026-05-31T02:43:32.747955+00:00
2026-05-30 22:43:32  [INFO]  ============================================================
2026-05-30 22:43:32  [INFO]  Initializing clients...
2026-05-30 22:43:32  [INFO]    NewsAPI client initialized
2026-05-30 22:43:32  [INFO]    Supabase engine initialized
2026-05-30 22:43:33  [INFO]    Supabase connection test: OK
2026-05-30 22:43:33  [INFO]  ============================================================
2026-05-30 22:43:33  [INFO]  STAGE 1: EXTRACTION
2026-05-30 22:43:33  [INFO]  ============================================================
2026-05-30 22:43:33  [INFO]  Fetching articles for brand: Tesla
2026-05-30 22:43:34  [ERROR]    ERROR fetching Tesla electric car: {'status': 'error', 'code': 'rateLimited', 'message': 'You have made too many requests recently. Developer accounts are limited to 100 requests over a 24 hour period (50 requests available every 12 hours). Please upgrade to a paid plan if you need more requests.'}
2026-05-30 22:43:34  [ERROR]    ERROR fetching Elon Musk: {'status': 'error', 'code': 'rateLimited', 'message': 'You have made too many requests recently. Developer accounts are limited to 100 requests over a 24 hour period (50 requests available every 12 hours). Please upgrade to a paid plan if you need more requests.'}
2026-05-30 22:43:34  [ERROR]    ERROR fetching Tesla Model 3: {'status': 'error', 'code': 'rateLimited', 'message': 'You have made too many requests recently. Developer accounts are limited to 100 requests over a 24 hour period (50 requests available every 12 hours). Please upgrade to a paid plan if you need more requests.'}
2026-05-30 22:43:34  [ERROR]    ERROR fetching Tesla Model Y: {'status': 'error', 'code': 'rateLimited', 'message': 'You have made too many requests recently. Developer accounts are limited to 100 requests over a 24 hour period (50 requests available every 12 hours). Please upgrade to a paid plan if you need more requests.'}
2026-05-30 22:43:34  [ERROR]    ERROR fetching Tesla Cybertruck: {'status': 'error', 'code': 'rateLimited', 'message': 'You have made too many requests recently. Developer accounts are limited to 100 requests over a 24 hour period (50 requests available every 12 hours). Please upgrade to a paid plan if you need more requests.'}
2026-05-30 22:43:34  [INFO]  Fetching articles for brand: Hyundai
2026-05-30 22:43:34  [ERROR]    ERROR fetching Hyundai Ioniq: {'status': 'error', 'code': 'rateLimited', 'message': 'You have made too many requests recently. Developer accounts are limited to 100 requests over a 24 hour period (50 requests available every 12 hours). Please upgrade to a paid plan if you need more requests.'}
2026-05-30 22:43:34  [ERROR]    ERROR fetching Hyundai Ioniq 5: {'status': 'error', 'code': 'rateLimited', 'message': 'You have made too many requests recently. Developer accounts are limited to 100 requests over a 24 hour period (50 requests available every 12 hours). Please upgrade to a paid plan if you need more requests.'}
2026-05-30 22:43:35  [ERROR]    ERROR fetching Hyundai EV: {'status': 'error', 'code': 'rateLimited', 'message': 'You have made too many requests recently. Developer accounts are limited to 100 requests over a 24 hour period (50 requests available every 12 hours). Please upgrade to a paid plan if you need more requests.'}
2026-05-30 22:43:35  [INFO]  Fetching articles for brand: Rivian
2026-05-30 22:43:35  [ERROR]    ERROR fetching Rivian electric: {'status': 'error', 'code': 'rateLimited', 'message': 'You have made too many requests recently. Developer accounts are limited to 100 requests over a 24 hour period (50 requests available every 12 hours). Please upgrade to a paid plan if you need more requests.'}
2026-05-30 22:43:35  [ERROR]    ERROR fetching Rivian R1T: {'status': 'error', 'code': 'rateLimited', 'message': 'You have made too many requests recently. Developer accounts are limited to 100 requests over a 24 hour period (50 requests available every 12 hours). Please upgrade to a paid plan if you need more requests.'}
2026-05-30 22:43:35  [ERROR]    ERROR fetching Rivian R1S: {'status': 'error', 'code': 'rateLimited', 'message': 'You have made too many requests recently. Developer accounts are limited to 100 requests over a 24 hour period (50 requests available every 12 hours). Please upgrade to a paid plan if you need more requests.'}
2026-05-30 22:43:35  [INFO]  Fetching articles for brand: Ford EV
2026-05-30 22:43:35  [ERROR]    ERROR fetching Ford Mustang Mach-E: {'status': 'error', 'code': 'rateLimited', 'message': 'You have made too many requests recently. Developer accounts are limited to 100 requests over a 24 hour period (50 requests available every 12 hours). Please upgrade to a paid plan if you need more requests.'}
2026-05-30 22:43:35  [ERROR]    ERROR fetching Ford electric vehicle: {'status': 'error', 'code': 'rateLimited', 'message': 'You have made too many requests recently. Developer accounts are limited to 100 requests over a 24 hour period (50 requests available every 12 hours). Please upgrade to a paid plan if you need more requests.'}
2026-05-30 22:43:35  [INFO]  Fetching articles for brand: BYD
2026-05-30 22:43:35  [ERROR]    ERROR fetching BYD electric car: {'status': 'error', 'code': 'rateLimited', 'message': 'You have made too many requests recently. Developer accounts are limited to 100 requests over a 24 hour period (50 requests available every 12 hours). Please upgrade to a paid plan if you need more requests.'}
2026-05-30 22:43:35  [ERROR]    ERROR fetching BYD EV: {'status': 'error', 'code': 'rateLimited', 'message': 'You have made too many requests recently. Developer accounts are limited to 100 requests over a 24 hour period (50 requests available every 12 hours). Please upgrade to a paid plan if you need more requests.'}
2026-05-30 22:43:36  [INFO]  Extraction complete. Total raw articles: 0
2026-05-30 22:43:36  [INFO]  ============================================================
2026-05-30 22:43:36  [INFO]  STAGE 2: TRANSFORMATION & CLEANING
2026-05-30 22:43:36  [INFO]  ============================================================
2026-05-30 22:43:36  [INFO]  Transformation complete. Clean articles: 0
2026-05-30 22:43:36  [INFO]  ============================================================
2026-05-30 22:43:36  [INFO]  STAGE 3: DATA VALIDATION & QUALITY CHECKS
2026-05-30 22:43:36  [INFO]  ============================================================
2026-05-30 22:43:36  [ERROR]    [FAIL] Row count: DataFrame is empty - nothing to load
2026-05-30 22:43:36  [ERROR]  Validation failed - aborting pipeline
2026-05-31 18:03:06  [INFO]  ============================================================
2026-05-31 18:03:06  [INFO]  TESLA EV BRAND SENTIMENT ETL PIPELINE - START
2026-05-31 18:03:06  [INFO]  Run timestamp: 2026-05-31T22:03:06.696955+00:00
2026-05-31 18:03:06  [INFO]  ============================================================
2026-05-31 18:03:06  [INFO]  Initializing clients...
2026-05-31 18:03:06  [INFO]    NewsAPI client initialized
2026-05-31 18:03:06  [INFO]    Supabase engine initialized
2026-05-31 18:03:06  [ERROR]  PIPELINE FAILED: (psycopg2.OperationalError) connection to server at "db.ttntqvcomspvbkdumfvx.supabase.co" (2600:1f18:38df:9501:e3b1:1f5a:e07b:76bc), port 5432 failed: No route to host
	Is the server running on that host and accepting TCP/IP connections?

(Background on this error at: https://sqlalche.me/e/20/e3q8)
2026-05-31 18:05:18  [INFO]  ============================================================
2026-05-31 18:05:18  [INFO]  TESLA EV BRAND SENTIMENT ETL PIPELINE - START
2026-05-31 18:05:18  [INFO]  Run timestamp: 2026-05-31T22:05:18.333494+00:00
2026-05-31 18:05:18  [INFO]  ============================================================
2026-05-31 18:05:18  [INFO]  Initializing clients...
2026-05-31 18:05:18  [INFO]    NewsAPI client initialized
2026-05-31 18:05:18  [INFO]    Supabase engine initialized
2026-05-31 18:05:19  [ERROR]  PIPELINE FAILED: (psycopg2.OperationalError) connection to server at "db.ttntqvcomspvbkdumfvx.supabase.co" (2600:1f18:38df:9501:e3b1:1f5a:e07b:76bc), port 5432 failed: No route to host
	Is the server running on that host and accepting TCP/IP connections?

(Background on this error at: https://sqlalche.me/e/20/e3q8)
2026-06-03 18:13:40  [INFO]  ============================================================
2026-06-03 18:13:40  [INFO]  TESLA EV BRAND SENTIMENT ETL PIPELINE - START
2026-06-03 18:13:40  [INFO]  Run timestamp: 2026-06-03T22:13:40.702632+00:00
2026-06-03 18:13:40  [INFO]  ============================================================
2026-06-03 18:13:40  [INFO]  Initializing clients...
2026-06-03 18:13:40  [INFO]    NewsAPI client initialized
2026-06-03 18:13:40  [INFO]    Supabase engine initialized
2026-06-03 18:13:40  [ERROR]  PIPELINE FAILED: (psycopg2.OperationalError) could not translate host name "db.ttntqvcomspvbkdumfvx.supabase.co" to address: nodename nor servname provided, or not known

(Background on this error at: https://sqlalche.me/e/20/e3q8)
2026-06-03 18:16:01  [INFO]  ============================================================
2026-06-03 18:16:01  [INFO]  TESLA EV BRAND SENTIMENT ETL PIPELINE - START
2026-06-03 18:16:01  [INFO]  Run timestamp: 2026-06-03T22:16:01.544304+00:00
2026-06-03 18:16:01  [INFO]  ============================================================
2026-06-03 18:16:01  [INFO]  Initializing clients...
2026-06-03 18:16:01  [INFO]    NewsAPI client initialized
2026-06-03 18:16:01  [INFO]    Supabase engine initialized
2026-06-03 18:16:01  [ERROR]  PIPELINE FAILED: (psycopg2.OperationalError) could not translate host name "db.ttntqvcomspvbkdumfvx.supabase.co" to address: nodename nor servname provided, or not known

(Background on this error at: https://sqlalche.me/e/20/e3q8)
2026-06-03 18:16:22  [INFO]  ============================================================
2026-06-03 18:16:22  [INFO]  TESLA EV BRAND SENTIMENT ETL PIPELINE - START
2026-06-03 18:16:22  [INFO]  Run timestamp: 2026-06-03T22:16:22.580879+00:00
2026-06-03 18:16:22  [INFO]  ============================================================
2026-06-03 18:16:22  [INFO]  Initializing clients...
2026-06-03 18:16:22  [INFO]    NewsAPI client initialized
2026-06-03 18:16:22  [INFO]    Supabase engine initialized
2026-06-03 18:16:22  [ERROR]  PIPELINE FAILED: (psycopg2.OperationalError) could not translate host name "db.ttntqvcomspvbkdumfvx.supabase.co" to address: nodename nor servname provided, or not known

(Background on this error at: https://sqlalche.me/e/20/e3q8)
2026-06-03 18:20:10  [INFO]  ============================================================
2026-06-03 18:20:10  [INFO]  TESLA EV BRAND SENTIMENT ETL PIPELINE - START
2026-06-03 18:20:10  [INFO]  Run timestamp: 2026-06-03T22:20:10.195350+00:00
2026-06-03 18:20:10  [INFO]  ============================================================
2026-06-03 18:20:10  [INFO]  Initializing clients...
2026-06-03 18:20:10  [INFO]    NewsAPI client initialized
2026-06-03 18:20:10  [INFO]    Supabase engine initialized
2026-06-03 18:20:11  [INFO]    Supabase connection test: OK
2026-06-03 18:20:11  [INFO]  ============================================================
2026-06-03 18:20:11  [INFO]  STAGE 1: EXTRACTION
2026-06-03 18:20:11  [INFO]  ============================================================
2026-06-03 18:20:11  [INFO]  Fetching articles for brand: Tesla
2026-06-03 18:20:12  [INFO]    [Tesla electric car] -> 99 articles
2026-06-03 18:20:12  [INFO]    [Elon Musk] -> 96 articles
2026-06-03 18:20:13  [INFO]    [Tesla Model 3] -> 98 articles
2026-06-03 18:20:14  [INFO]    [Tesla Model Y] -> 97 articles
2026-06-03 18:20:15  [INFO]    [Tesla Cybertruck] -> 94 articles
2026-06-03 18:20:15  [INFO]  Fetching articles for brand: Hyundai
2026-06-03 18:20:16  [INFO]    [Hyundai Ioniq] -> 87 articles
2026-06-03 18:20:16  [INFO]    [Hyundai Ioniq 5] -> 70 articles
2026-06-03 18:20:17  [INFO]    [Hyundai EV] -> 98 articles
2026-06-03 18:20:17  [INFO]  Fetching articles for brand: Rivian
2026-06-03 18:20:17  [INFO]    [Rivian electric] -> 90 articles
2026-06-03 18:20:18  [INFO]    [Rivian R1T] -> 24 articles
2026-06-03 18:20:18  [INFO]    [Rivian R1S] -> 27 articles
2026-06-03 18:20:18  [INFO]  Fetching articles for brand: Ford EV
2026-06-03 18:20:19  [INFO]    [Ford Mustang Mach-E] -> 18 articles
2026-06-03 18:20:20  [INFO]    [Ford electric vehicle] -> 98 articles
2026-06-03 18:20:20  [INFO]  Fetching articles for brand: BYD
2026-06-03 18:20:20  [INFO]    [BYD electric car] -> 92 articles
2026-06-03 18:20:21  [INFO]    [BYD EV] -> 96 articles
2026-06-03 18:20:21  [INFO]  Extraction complete. Total raw articles: 1184
2026-06-03 18:20:21  [INFO]  ============================================================
2026-06-03 18:20:21  [INFO]  STAGE 2: TRANSFORMATION & CLEANING
2026-06-03 18:20:21  [INFO]  ============================================================
2026-06-03 18:20:21  [INFO]  Transformation complete. Clean articles: 1184
2026-06-03 18:20:21  [INFO]  ============================================================
2026-06-03 18:20:21  [INFO]  STAGE 3: DATA VALIDATION & QUALITY CHECKS
2026-06-03 18:20:21  [INFO]  ============================================================
2026-06-03 18:20:21  [INFO]    [PASS] Row count: 1184 rows
2026-06-03 18:20:21  [INFO]    [PASS] Schema check: All required columns present
2026-06-03 18:20:21  [INFO]    [PASS] No nulls in article_id
2026-06-03 18:20:21  [INFO]    [PASS] No nulls in brand
2026-06-03 18:20:21  [INFO]    [PASS] No nulls in title
2026-06-03 18:20:21  [INFO]    [PASS] No nulls in url
2026-06-03 18:20:21  [INFO]    [PASS] No nulls in published_at
2026-06-03 18:20:21  [INFO]    [PASS] No nulls in sentiment_label
2026-06-03 18:20:21  [WARNING]    [WARN] 422 duplicate URLs - removing
2026-06-03 18:20:21  [INFO]    Deduplicated. Remaining rows: 762
2026-06-03 18:20:21  [INFO]    [PASS] No duplicate article_ids
2026-06-03 18:20:21  [INFO]    [PASS] All compound scores within [-1.0, 1.0]
2026-06-03 18:20:21  [INFO]    [PASS] All sentiment labels valid
2026-06-03 18:20:21  [INFO]    [PASS] All 5 brands present
2026-06-03 18:20:21  [INFO]    [INFO] Date range: 2026-05-03 to 2026-06-02
2026-06-03 18:20:21  [INFO]  Validation complete. ALL CHECKS PASSED
2026-06-03 18:20:21  [INFO]  Sentiment breakdown:
2026-06-03 18:20:21  [INFO]    positive: 379 (49.7%)
2026-06-03 18:20:21  [INFO]    negative: 231 (30.3%)
2026-06-03 18:20:21  [INFO]    neutral: 152 (19.9%)
2026-06-03 18:20:21  [INFO]  ============================================================
2026-06-03 18:20:21  [INFO]  STAGE 4: DATABASE LOADING (INCREMENTAL)
2026-06-03 18:20:21  [INFO]  ============================================================
2026-06-03 18:20:21  [INFO]    Table tesla_sentiment.articles confirmed
2026-06-03 18:20:22  [INFO]    Existing articles in DB: 762
2026-06-03 18:20:22  [INFO]    New articles to insert: 191
2026-06-03 18:20:22  [INFO]    Insert complete. Total rows in DB: 953
2026-06-03 18:20:22  [INFO]    New rows added this run: 191
2026-06-03 18:20:22  [INFO]  ============================================================
2026-06-03 18:20:22  [INFO]  STAGE 5: ANALYTICS PREPARATION
2026-06-03 18:20:22  [INFO]  ============================================================
2026-06-03 18:20:23  [INFO]    brand_sentiment_summary: 5 rows written
2026-06-03 18:20:25  [INFO]    daily_sentiment_trend: 115 rows written
2026-06-03 18:20:25  [INFO]    Brand Sentiment Summary:
2026-06-03 18:20:25  [INFO]      Rivian | articles=63 | avg_sentiment=0.2336 | positive=60.3%
2026-06-03 18:20:25  [INFO]      BYD | articles=93 | avg_sentiment=0.18 | positive=59.1%
2026-06-03 18:20:25  [INFO]      Ford EV | articles=79 | avg_sentiment=0.162 | positive=50.6%
2026-06-03 18:20:25  [INFO]      Hyundai | articles=127 | avg_sentiment=0.1366 | positive=49.6%
2026-06-03 18:20:25  [INFO]      Tesla | articles=400 | avg_sentiment=0.0608 | positive=45.8%
2026-06-03 18:20:25  [INFO]  ============================================================
2026-06-03 18:20:25  [INFO]  PIPELINE COMPLETE - 14s elapsed
2026-06-03 18:20:25  [INFO]  Total articles processed: 762
2026-06-03 18:20:25  [INFO]  ============================================================
2026-06-05 15:53:34  [INFO]  ============================================================
2026-06-05 15:53:34  [INFO]  TESLA EV BRAND SENTIMENT ETL PIPELINE - START
2026-06-05 15:53:34  [INFO]  Run timestamp: 2026-06-05T19:53:34.890723+00:00
2026-06-05 15:53:34  [INFO]  ============================================================
2026-06-05 15:53:34  [INFO]  Initializing clients...
2026-06-05 15:53:34  [INFO]    NewsAPI client initialized
2026-06-05 15:53:34  [INFO]    Supabase engine initialized
2026-06-05 15:53:35  [INFO]    Supabase connection test: OK
2026-06-05 15:53:35  [INFO]  ============================================================
2026-06-05 15:53:35  [INFO]  STAGE 1: EXTRACTION
2026-06-05 15:53:35  [INFO]  ============================================================
2026-06-05 15:53:35  [INFO]  Fetching articles for brand: Tesla
2026-06-05 15:53:36  [INFO]    [Tesla electric car] -> 96 articles
2026-06-05 15:53:36  [INFO]    [Elon Musk] -> 91 articles
2026-06-05 15:53:37  [INFO]    [Tesla Model 3] -> 98 articles
2026-06-05 15:53:37  [INFO]    [Tesla Model Y] -> 95 articles
2026-06-05 15:53:38  [INFO]    [Tesla Cybertruck] -> 95 articles
2026-06-05 15:53:38  [INFO]  Fetching articles for brand: Hyundai
2026-06-05 15:53:38  [INFO]    [Hyundai Ioniq] -> 85 articles
2026-06-05 15:53:39  [INFO]    [Hyundai Ioniq 5] -> 72 articles
2026-06-05 15:53:39  [INFO]    [Hyundai EV] -> 98 articles
2026-06-05 15:53:39  [INFO]  Fetching articles for brand: Rivian
2026-06-05 15:53:40  [INFO]    [Rivian electric] -> 95 articles
2026-06-05 15:53:40  [INFO]    [Rivian R1T] -> 22 articles
2026-06-05 15:53:40  [INFO]    [Rivian R1S] -> 24 articles
2026-06-05 15:53:40  [INFO]  Fetching articles for brand: Ford EV
2026-06-05 15:53:41  [INFO]    [Ford Mustang Mach-E] -> 19 articles
2026-06-05 15:53:41  [INFO]    [Ford electric vehicle] -> 99 articles
2026-06-05 15:53:41  [INFO]  Fetching articles for brand: BYD
2026-06-05 15:53:42  [INFO]    [BYD electric car] -> 93 articles
2026-06-05 15:53:42  [INFO]    [BYD EV] -> 95 articles
2026-06-05 15:53:42  [INFO]  Extraction complete. Total raw articles: 1177
2026-06-05 15:53:42  [INFO]  ============================================================
2026-06-05 15:53:42  [INFO]  STAGE 2: TRANSFORMATION & CLEANING
2026-06-05 15:53:42  [INFO]  ============================================================
2026-06-05 15:53:42  [INFO]  Transformation complete. Clean articles: 1177
2026-06-05 15:53:42  [INFO]  ============================================================
2026-06-05 15:53:42  [INFO]  STAGE 3: DATA VALIDATION & QUALITY CHECKS
2026-06-05 15:53:42  [INFO]  ============================================================
2026-06-05 15:53:42  [INFO]    [PASS] Row count: 1177 rows
2026-06-05 15:53:42  [INFO]    [PASS] Schema check: All required columns present
2026-06-05 15:53:42  [INFO]    [PASS] No nulls in article_id
2026-06-05 15:53:42  [INFO]    [PASS] No nulls in brand
2026-06-05 15:53:42  [INFO]    [PASS] No nulls in title
2026-06-05 15:53:42  [INFO]    [PASS] No nulls in url
2026-06-05 15:53:42  [INFO]    [PASS] No nulls in published_at
2026-06-05 15:53:42  [INFO]    [PASS] No nulls in sentiment_label
2026-06-05 15:53:42  [WARNING]    [WARN] 430 duplicate URLs - removing
2026-06-05 15:53:42  [INFO]    Deduplicated. Remaining rows: 747
2026-06-05 15:53:42  [INFO]    [PASS] No duplicate article_ids
2026-06-05 15:53:42  [INFO]    [PASS] All compound scores within [-1.0, 1.0]
2026-06-05 15:53:42  [INFO]    [PASS] All sentiment labels valid
2026-06-05 15:53:42  [INFO]    [PASS] All 5 brands present
2026-06-05 15:53:42  [INFO]    [INFO] Date range: 2026-05-05 to 2026-06-04
2026-06-05 15:53:42  [INFO]  Validation complete. ALL CHECKS PASSED
2026-06-05 15:53:42  [INFO]  Sentiment breakdown:
2026-06-05 15:53:42  [INFO]    positive: 394 (52.7%)
2026-06-05 15:53:42  [INFO]    negative: 216 (28.9%)
2026-06-05 15:53:42  [INFO]    neutral: 137 (18.3%)
2026-06-05 15:53:42  [INFO]  ============================================================
2026-06-05 15:53:42  [INFO]  STAGE 4: DATABASE LOADING (INCREMENTAL)
2026-06-05 15:53:42  [INFO]  ============================================================
2026-06-05 15:53:42  [INFO]    Table tesla_sentiment.articles confirmed
2026-06-05 15:53:43  [INFO]    Existing articles in DB: 953
2026-06-05 15:53:43  [INFO]    New articles to insert: 175
2026-06-05 15:53:43  [INFO]    Insert complete. Total rows in DB: 1128
2026-06-05 15:53:43  [INFO]    New rows added this run: 175
2026-06-05 15:53:43  [INFO]  ============================================================
2026-06-05 15:53:43  [INFO]  STAGE 5: ANALYTICS PREPARATION
2026-06-05 15:53:43  [INFO]  ============================================================
2026-06-05 15:53:44  [INFO]    brand_sentiment_summary: 5 rows written
2026-06-05 15:53:45  [INFO]    daily_sentiment_trend: 116 rows written
2026-06-05 15:53:45  [INFO]    Brand Sentiment Summary:
2026-06-05 15:53:45  [INFO]      Rivian | articles=72 | avg_sentiment=0.2396 | positive=62.5%
2026-06-05 15:53:45  [INFO]      BYD | articles=94 | avg_sentiment=0.1618 | positive=57.4%
2026-06-05 15:53:45  [INFO]      Hyundai | articles=126 | avg_sentiment=0.1594 | positive=51.6%
2026-06-05 15:53:45  [INFO]      Ford EV | articles=77 | avg_sentiment=0.1417 | positive=49.4%
2026-06-05 15:53:45  [INFO]      Tesla | articles=378 | avg_sentiment=0.0962 | positive=50.8%
2026-06-05 15:53:45  [INFO]  ============================================================
2026-06-05 15:53:45  [INFO]  PIPELINE COMPLETE - 10s elapsed
2026-06-05 15:53:45  [INFO]  Total articles processed: 747
2026-06-05 15:53:45  [INFO]  ============================================================
2026-06-05 16:15:22  [INFO]  ============================================================
2026-06-05 16:15:22  [INFO]  TESLA EV BRAND SENTIMENT ETL PIPELINE - START
2026-06-05 16:15:22  [INFO]  Run timestamp: 2026-06-05T20:15:22.056523+00:00
2026-06-05 16:15:22  [INFO]  ============================================================
2026-06-05 16:15:22  [INFO]  Initializing clients...
2026-06-05 16:15:22  [INFO]    NewsAPI client initialized
2026-06-05 16:15:22  [INFO]    Supabase engine initialized
2026-06-05 16:15:24  [INFO]    Supabase connection test: OK
2026-06-05 16:15:24  [INFO]  ============================================================
2026-06-05 16:15:24  [INFO]  STAGE 1: EXTRACTION
2026-06-05 16:15:24  [INFO]  ============================================================
2026-06-05 16:15:24  [INFO]  Fetching articles for brand: Tesla
2026-06-05 16:15:25  [INFO]    [Tesla electric car] -> 96 articles
2026-06-05 16:15:25  [INFO]    [Elon Musk] -> 91 articles
2026-06-05 16:15:26  [INFO]    [Tesla Model 3] -> 98 articles
2026-06-05 16:15:26  [INFO]    [Tesla Model Y] -> 95 articles
2026-06-05 16:15:27  [INFO]    [Tesla Cybertruck] -> 95 articles
2026-06-05 16:15:27  [INFO]  Fetching articles for brand: Hyundai
2026-06-05 16:15:27  [INFO]    [Hyundai Ioniq] -> 85 articles
2026-06-05 16:15:28  [INFO]    [Hyundai Ioniq 5] -> 72 articles
2026-06-05 16:15:28  [INFO]    [Hyundai EV] -> 98 articles
2026-06-05 16:15:28  [INFO]  Fetching articles for brand: Rivian
2026-06-05 16:15:29  [INFO]    [Rivian electric] -> 95 articles
2026-06-05 16:15:29  [INFO]    [Rivian R1T] -> 22 articles
2026-06-05 16:15:29  [INFO]    [Rivian R1S] -> 24 articles
2026-06-05 16:15:29  [INFO]  Fetching articles for brand: Ford EV
2026-06-05 16:15:29  [INFO]    [Ford Mustang Mach-E] -> 19 articles
2026-06-05 16:15:30  [INFO]    [Ford electric vehicle] -> 99 articles
2026-06-05 16:15:30  [INFO]  Fetching articles for brand: BYD
2026-06-05 16:15:31  [INFO]    [BYD electric car] -> 93 articles
2026-06-05 16:15:31  [INFO]    [BYD EV] -> 95 articles
2026-06-05 16:15:31  [INFO]  Extraction complete. Total raw articles: 1177
2026-06-05 16:15:31  [INFO]  ============================================================
2026-06-05 16:15:31  [INFO]  STAGE 2: TRANSFORMATION & CLEANING
2026-06-05 16:15:31  [INFO]  ============================================================
2026-06-05 16:15:31  [INFO]  Transformation complete. Clean articles: 1177
2026-06-05 16:15:31  [INFO]  ============================================================
2026-06-05 16:15:31  [INFO]  STAGE 3: DATA VALIDATION & QUALITY CHECKS
2026-06-05 16:15:31  [INFO]  ============================================================
2026-06-05 16:15:31  [INFO]    [PASS] Row count: 1177 rows
2026-06-05 16:15:31  [INFO]    [PASS] Schema check: All required columns present
2026-06-05 16:15:31  [INFO]    [PASS] No nulls in article_id
2026-06-05 16:15:31  [INFO]    [PASS] No nulls in brand
2026-06-05 16:15:31  [INFO]    [PASS] No nulls in title
2026-06-05 16:15:31  [INFO]    [PASS] No nulls in url
2026-06-05 16:15:31  [INFO]    [PASS] No nulls in published_at
2026-06-05 16:15:31  [INFO]    [PASS] No nulls in sentiment_label
2026-06-05 16:15:31  [WARNING]    [WARN] 428 duplicate URLs - removing
2026-06-05 16:15:31  [INFO]    Deduplicated. Remaining rows: 749
2026-06-05 16:15:31  [INFO]    [PASS] No duplicate article_ids
2026-06-05 16:15:31  [INFO]    [PASS] All compound scores within [-1.0, 1.0]
2026-06-05 16:15:31  [INFO]    [PASS] All sentiment labels valid
2026-06-05 16:15:31  [INFO]    [PASS] All 5 brands present
2026-06-05 16:15:31  [INFO]    [INFO] Date range: 2026-05-05 to 2026-06-04
2026-06-05 16:15:31  [INFO]  Validation complete. ALL CHECKS PASSED
2026-06-05 16:15:31  [INFO]  Sentiment breakdown:
2026-06-05 16:15:31  [INFO]    positive: 395 (52.7%)
2026-06-05 16:15:31  [INFO]    negative: 217 (29.0%)
2026-06-05 16:15:31  [INFO]    neutral: 137 (18.3%)
2026-06-05 16:15:31  [INFO]  ============================================================
2026-06-05 16:15:31  [INFO]  STAGE 4: DATABASE LOADING (INCREMENTAL)
2026-06-05 16:15:31  [INFO]  ============================================================
2026-06-05 16:15:32  [INFO]    Table tesla_sentiment.articles confirmed
2026-06-05 16:15:32  [INFO]    Existing articles in DB: 1128
2026-06-05 16:15:32  [INFO]    New articles to insert: 4
2026-06-05 16:15:32  [INFO]    Insert complete. Total rows in DB: 1132
2026-06-05 16:15:32  [INFO]    New rows added this run: 4
2026-06-05 16:15:32  [INFO]  ============================================================
2026-06-05 16:15:32  [INFO]  STAGE 5: ANALYTICS PREPARATION
2026-06-05 16:15:32  [INFO]  ============================================================
2026-06-05 16:15:33  [INFO]    brand_sentiment_summary: 5 rows written
2026-06-05 16:15:33  [INFO]    daily_sentiment_trend: 116 rows written
2026-06-05 16:15:33  [INFO]    Brand Sentiment Summary:
2026-06-05 16:15:33  [INFO]      Rivian | articles=72 | avg_sentiment=0.2396 | positive=62.5%
2026-06-05 16:15:33  [INFO]      BYD | articles=94 | avg_sentiment=0.1618 | positive=57.4%
2026-06-05 16:15:33  [INFO]      Hyundai | articles=126 | avg_sentiment=0.1594 | positive=51.6%
2026-06-05 16:15:33  [INFO]      Ford EV | articles=79 | avg_sentiment=0.1497 | positive=50.6%
2026-06-05 16:15:33  [INFO]      Tesla | articles=378 | avg_sentiment=0.0941 | positive=50.5%
2026-06-05 16:15:33  [INFO]  ============================================================
2026-06-05 16:15:33  [INFO]  PIPELINE COMPLETE - 11s elapsed
2026-06-05 16:15:34  [INFO]  Total articles processed: 749
2026-06-05 16:15:34  [INFO]  ============================================================
2026-06-05 16:27:23  [INFO]  ============================================================
2026-06-05 16:27:23  [INFO]  TESLA EV BRAND SENTIMENT ETL PIPELINE - START
2026-06-05 16:27:23  [INFO]  Run timestamp: 2026-06-05T20:27:23.410085+00:00
2026-06-05 16:27:23  [INFO]  ============================================================
2026-06-05 16:27:23  [INFO]  Initializing clients...
2026-06-05 16:27:23  [INFO]    NewsAPI client initialized
2026-06-05 16:27:23  [INFO]    Supabase engine initialized
2026-06-05 16:27:27  [INFO]    Supabase connection test: OK
2026-06-05 16:27:27  [INFO]  ============================================================
2026-06-05 16:27:27  [INFO]  STAGE 1: EXTRACTION
2026-06-05 16:27:27  [INFO]  ============================================================
2026-06-05 16:27:27  [INFO]  Fetching articles for brand: Tesla
2026-06-05 16:27:27  [INFO]    [Tesla electric car] -> 96 articles
2026-06-05 16:27:28  [INFO]    [Elon Musk] -> 93 articles
2026-06-05 16:27:28  [INFO]    [Tesla Model 3] -> 98 articles
2026-06-05 16:27:29  [INFO]    [Tesla Model Y] -> 95 articles
2026-06-05 16:27:29  [INFO]    [Tesla Cybertruck] -> 95 articles
2026-06-05 16:27:29  [INFO]  Fetching articles for brand: Hyundai
2026-06-05 16:27:30  [INFO]    [Hyundai Ioniq] -> 85 articles
2026-06-05 16:27:30  [INFO]    [Hyundai Ioniq 5] -> 72 articles
2026-06-05 16:27:31  [INFO]    [Hyundai EV] -> 98 articles
2026-06-05 16:27:31  [INFO]  Fetching articles for brand: Rivian
2026-06-05 16:27:31  [INFO]    [Rivian electric] -> 95 articles
2026-06-05 16:27:31  [INFO]    [Rivian R1T] -> 22 articles
2026-06-05 16:27:31  [INFO]    [Rivian R1S] -> 24 articles
2026-06-05 16:27:31  [INFO]  Fetching articles for brand: Ford EV
2026-06-05 16:27:32  [INFO]    [Ford Mustang Mach-E] -> 19 articles
2026-06-05 16:27:32  [INFO]    [Ford electric vehicle] -> 99 articles
2026-06-05 16:27:32  [INFO]  Fetching articles for brand: BYD
2026-06-05 16:27:33  [INFO]    [BYD electric car] -> 93 articles
2026-06-05 16:27:33  [INFO]    [BYD EV] -> 95 articles
2026-06-05 16:27:33  [INFO]  Extraction complete. Total raw articles: 1179
2026-06-05 16:27:33  [INFO]  ============================================================
2026-06-05 16:27:33  [INFO]  STAGE 2: TRANSFORMATION & CLEANING
2026-06-05 16:27:33  [INFO]  ============================================================
2026-06-05 16:27:33  [INFO]  Transformation complete. Clean articles: 1179
2026-06-05 16:27:33  [INFO]  ============================================================
2026-06-05 16:27:33  [INFO]  STAGE 3: DATA VALIDATION & QUALITY CHECKS
2026-06-05 16:27:33  [INFO]  ============================================================
2026-06-05 16:27:33  [INFO]    [PASS] Row count: 1179 rows
2026-06-05 16:27:33  [INFO]    [PASS] Schema check: All required columns present
2026-06-05 16:27:33  [INFO]    [PASS] No nulls in article_id
2026-06-05 16:27:33  [INFO]    [PASS] No nulls in brand
2026-06-05 16:27:33  [INFO]    [PASS] No nulls in title
2026-06-05 16:27:33  [INFO]    [PASS] No nulls in url
2026-06-05 16:27:33  [INFO]    [PASS] No nulls in published_at
2026-06-05 16:27:33  [INFO]    [PASS] No nulls in sentiment_label
2026-06-05 16:27:33  [WARNING]    [WARN] 428 duplicate URLs - removing
2026-06-05 16:27:33  [INFO]    Deduplicated. Remaining rows: 751
2026-06-05 16:27:33  [INFO]    [PASS] No duplicate article_ids
2026-06-05 16:27:33  [INFO]    [PASS] All compound scores within [-1.0, 1.0]
2026-06-05 16:27:33  [INFO]    [PASS] All sentiment labels valid
2026-06-05 16:27:33  [INFO]    [PASS] All 5 brands present
2026-06-05 16:27:33  [INFO]    [INFO] Date range: 2026-05-05 to 2026-06-04
2026-06-05 16:27:33  [INFO]  Validation complete. ALL CHECKS PASSED
2026-06-05 16:27:33  [INFO]  Sentiment breakdown:
2026-06-05 16:27:33  [INFO]    positive: 396 (52.7%)
2026-06-05 16:27:33  [INFO]    negative: 218 (29.0%)
2026-06-05 16:27:33  [INFO]    neutral: 137 (18.2%)
2026-06-05 16:27:33  [INFO]  ============================================================
2026-06-05 16:27:33  [INFO]  STAGE 4: DATABASE LOADING (INCREMENTAL)
2026-06-05 16:27:33  [INFO]  ============================================================
2026-06-05 16:27:33  [INFO]    Table tesla_sentiment.articles confirmed
2026-06-05 16:27:34  [INFO]    Existing articles in DB: 1132
2026-06-05 16:27:34  [INFO]    New articles to insert: 2
2026-06-05 16:27:34  [INFO]    Insert complete. Total rows in DB: 1134
2026-06-05 16:27:34  [INFO]    New rows added this run: 2
2026-06-05 16:27:34  [INFO]  ============================================================
2026-06-05 16:27:34  [INFO]  STAGE 5: ANALYTICS PREPARATION
2026-06-05 16:27:34  [INFO]  ============================================================
2026-06-05 16:27:35  [INFO]    brand_sentiment_summary: 5 rows written
2026-06-05 16:27:35  [INFO]    daily_sentiment_trend: 116 rows written
2026-06-05 16:27:35  [INFO]    Brand Sentiment Summary:
2026-06-05 16:27:35  [INFO]      Rivian | articles=72 | avg_sentiment=0.2396 | positive=62.5%
2026-06-05 16:27:35  [INFO]      BYD | articles=94 | avg_sentiment=0.1618 | positive=57.4%
2026-06-05 16:27:35  [INFO]      Hyundai | articles=126 | avg_sentiment=0.1594 | positive=51.6%
2026-06-05 16:27:35  [INFO]      Ford EV | articles=79 | avg_sentiment=0.1497 | positive=50.6%
2026-06-05 16:27:35  [INFO]      Tesla | articles=380 | avg_sentiment=0.0918 | positive=50.5%
2026-06-05 16:27:35  [INFO]  ============================================================
2026-06-05 16:27:35  [INFO]  PIPELINE COMPLETE - 12s elapsed
2026-06-05 16:27:35  [INFO]  Total articles processed: 751
2026-06-05 16:27:35  [INFO]  ============================================================
2026-06-05 16:30:53  [INFO]  ============================================================
2026-06-05 16:30:53  [INFO]  TESLA EV BRAND SENTIMENT ETL PIPELINE - START
2026-06-05 16:30:53  [INFO]  Run timestamp: 2026-06-05T20:30:53.135627+00:00
2026-06-05 16:30:53  [INFO]  ============================================================
2026-06-05 16:30:53  [INFO]  Initializing clients...
2026-06-05 16:30:53  [INFO]    NewsAPI client initialized
2026-06-05 16:30:53  [INFO]    Supabase engine initialized
2026-06-05 16:30:55  [INFO]    Supabase connection test: OK
2026-06-05 16:30:55  [INFO]  ============================================================
2026-06-05 16:30:55  [INFO]  STAGE 1: EXTRACTION
2026-06-05 16:30:55  [INFO]  ============================================================
2026-06-05 16:30:55  [INFO]  Fetching articles for brand: Tesla
2026-06-05 16:30:55  [INFO]    [Tesla electric car] -> 96 articles
2026-06-05 16:30:55  [INFO]    [Elon Musk] -> 93 articles
2026-06-05 16:30:55  [INFO]    [Tesla Model 3] -> 98 articles
2026-06-05 16:30:55  [INFO]    [Tesla Model Y] -> 95 articles
2026-06-05 16:30:56  [INFO]    [Tesla Cybertruck] -> 95 articles
2026-06-05 16:30:56  [INFO]  Fetching articles for brand: Hyundai
2026-06-05 16:30:56  [INFO]    [Hyundai Ioniq] -> 85 articles
2026-06-05 16:30:56  [INFO]    [Hyundai Ioniq 5] -> 72 articles
2026-06-05 16:30:56  [INFO]    [Hyundai EV] -> 98 articles
2026-06-05 16:30:56  [INFO]  Fetching articles for brand: Rivian
2026-06-05 16:30:56  [INFO]    [Rivian electric] -> 95 articles
2026-06-05 16:30:56  [INFO]    [Rivian R1T] -> 22 articles
2026-06-05 16:30:56  [INFO]    [Rivian R1S] -> 24 articles
2026-06-05 16:30:56  [INFO]  Fetching articles for brand: Ford EV
2026-06-05 16:30:56  [INFO]    [Ford Mustang Mach-E] -> 19 articles
2026-06-05 16:30:57  [INFO]    [Ford electric vehicle] -> 99 articles
2026-06-05 16:30:57  [INFO]  Fetching articles for brand: BYD
2026-06-05 16:30:57  [INFO]    [BYD electric car] -> 93 articles
2026-06-05 16:30:57  [INFO]    [BYD EV] -> 95 articles
2026-06-05 16:30:57  [INFO]  Extraction complete. Total raw articles: 1179
2026-06-05 16:30:57  [INFO]  ============================================================
2026-06-05 16:30:57  [INFO]  STAGE 2: TRANSFORMATION & CLEANING
2026-06-05 16:30:57  [INFO]  ============================================================
2026-06-05 16:30:57  [INFO]  Transformation complete. Clean articles: 1179
2026-06-05 16:30:57  [INFO]  ============================================================
2026-06-05 16:30:57  [INFO]  STAGE 3: DATA VALIDATION & QUALITY CHECKS
2026-06-05 16:30:57  [INFO]  ============================================================
2026-06-05 16:30:57  [INFO]    [PASS] Row count: 1179 rows
2026-06-05 16:30:57  [INFO]    [PASS] Schema check: All required columns present
2026-06-05 16:30:57  [INFO]    [PASS] No nulls in article_id
2026-06-05 16:30:57  [INFO]    [PASS] No nulls in brand
2026-06-05 16:30:57  [INFO]    [PASS] No nulls in title
2026-06-05 16:30:57  [INFO]    [PASS] No nulls in url
2026-06-05 16:30:57  [INFO]    [PASS] No nulls in published_at
2026-06-05 16:30:57  [INFO]    [PASS] No nulls in sentiment_label
2026-06-05 16:30:57  [WARNING]    [WARN] 428 duplicate URLs - removing
2026-06-05 16:30:57  [INFO]    Deduplicated. Remaining rows: 751
2026-06-05 16:30:57  [INFO]    [PASS] No duplicate article_ids
2026-06-05 16:30:57  [INFO]    [PASS] All compound scores within [-1.0, 1.0]
2026-06-05 16:30:57  [INFO]    [PASS] All sentiment labels valid
2026-06-05 16:30:57  [INFO]    [PASS] All 5 brands present
2026-06-05 16:30:57  [INFO]    [INFO] Date range: 2026-05-05 to 2026-06-04
2026-06-05 16:30:57  [INFO]  Validation complete. ALL CHECKS PASSED
2026-06-05 16:30:57  [INFO]  Sentiment breakdown:
2026-06-05 16:30:57  [INFO]    positive: 396 (52.7%)
2026-06-05 16:30:57  [INFO]    negative: 218 (29.0%)
2026-06-05 16:30:57  [INFO]    neutral: 137 (18.2%)
2026-06-05 16:30:57  [INFO]  ============================================================
2026-06-05 16:30:57  [INFO]  STAGE 4: DATABASE LOADING (INCREMENTAL)
2026-06-05 16:30:57  [INFO]  ============================================================
2026-06-05 16:30:57  [INFO]    Table tesla_sentiment.articles confirmed
2026-06-05 16:30:57  [INFO]    Existing articles in DB: 1134
2026-06-05 16:30:57  [INFO]    New articles to insert: 0
2026-06-05 16:30:57  [INFO]    No new articles - pipeline is up to date
2026-06-05 16:30:58  [INFO]  ============================================================
2026-06-05 16:30:58  [INFO]  STAGE 5: ANALYTICS PREPARATION
2026-06-05 16:30:58  [INFO]  ============================================================
2026-06-05 16:30:58  [INFO]    brand_sentiment_summary: 5 rows written
2026-06-05 16:30:59  [INFO]    daily_sentiment_trend: 116 rows written
2026-06-05 16:30:59  [INFO]    Brand Sentiment Summary:
2026-06-05 16:30:59  [INFO]      Rivian | articles=72 | avg_sentiment=0.2396 | positive=62.5%
2026-06-05 16:30:59  [INFO]      BYD | articles=94 | avg_sentiment=0.1618 | positive=57.4%
2026-06-05 16:30:59  [INFO]      Hyundai | articles=126 | avg_sentiment=0.1594 | positive=51.6%
2026-06-05 16:30:59  [INFO]      Ford EV | articles=79 | avg_sentiment=0.1497 | positive=50.6%
2026-06-05 16:30:59  [INFO]      Tesla | articles=380 | avg_sentiment=0.0918 | positive=50.5%
2026-06-05 16:30:59  [INFO]  ============================================================
2026-06-05 16:30:59  [INFO]  PIPELINE COMPLETE - 6s elapsed
2026-06-05 16:30:59  [INFO]  Total articles processed: 751
2026-06-05 16:30:59  [INFO]  ============================================================
2026-06-05 16:35:45  [INFO]  ============================================================
2026-06-05 16:35:45  [INFO]  TESLA EV BRAND SENTIMENT ETL PIPELINE - START
2026-06-05 16:35:45  [INFO]  Run timestamp: 2026-06-05T20:35:45.449858+00:00
2026-06-05 16:35:45  [INFO]  ============================================================
2026-06-05 16:35:45  [INFO]  Initializing clients...
2026-06-05 16:35:45  [INFO]    NewsAPI client initialized
2026-06-05 16:35:45  [INFO]    Supabase engine initialized
2026-06-05 16:35:49  [INFO]    Supabase connection test: OK
2026-06-05 16:35:49  [INFO]  ============================================================
2026-06-05 16:35:49  [INFO]  STAGE 1: EXTRACTION
2026-06-05 16:35:49  [INFO]  ============================================================
2026-06-05 16:35:49  [INFO]  Fetching articles for brand: Tesla
2026-06-05 16:35:50  [INFO]    [Tesla electric car] -> 96 articles
2026-06-05 16:35:50  [INFO]    [Elon Musk] -> 93 articles
2026-06-05 16:35:50  [INFO]    [Tesla Model 3] -> 98 articles
2026-06-05 16:35:51  [INFO]    [Tesla Model Y] -> 95 articles
2026-06-05 16:35:51  [INFO]    [Tesla Cybertruck] -> 95 articles
2026-06-05 16:35:51  [INFO]  Fetching articles for brand: Hyundai
2026-06-05 16:35:52  [INFO]    [Hyundai Ioniq] -> 85 articles
2026-06-05 16:35:52  [INFO]    [Hyundai Ioniq 5] -> 72 articles
2026-06-05 16:35:52  [INFO]    [Hyundai EV] -> 98 articles
2026-06-05 16:35:52  [INFO]  Fetching articles for brand: Rivian
2026-06-05 16:35:53  [INFO]    [Rivian electric] -> 95 articles
2026-06-05 16:35:53  [INFO]    [Rivian R1T] -> 22 articles
2026-06-05 16:35:53  [INFO]    [Rivian R1S] -> 24 articles
2026-06-05 16:35:53  [INFO]  Fetching articles for brand: Ford EV
2026-06-05 16:35:54  [INFO]    [Ford Mustang Mach-E] -> 19 articles
2026-06-05 16:35:54  [INFO]    [Ford electric vehicle] -> 99 articles
2026-06-05 16:35:54  [INFO]  Fetching articles for brand: BYD
2026-06-05 16:35:55  [INFO]    [BYD electric car] -> 93 articles
2026-06-05 16:35:55  [INFO]    [BYD EV] -> 95 articles
2026-06-05 16:35:55  [INFO]  Extraction complete. Total raw articles: 1179
2026-06-05 16:35:55  [INFO]  ============================================================
2026-06-05 16:35:55  [INFO]  STAGE 2: TRANSFORMATION & CLEANING
2026-06-05 16:35:55  [INFO]  ============================================================
2026-06-05 16:35:55  [INFO]  Transformation complete. Clean articles: 1179
2026-06-05 16:35:55  [INFO]  ============================================================
2026-06-05 16:35:55  [INFO]  STAGE 3: DATA VALIDATION & QUALITY CHECKS
2026-06-05 16:35:55  [INFO]  ============================================================
2026-06-05 16:35:55  [INFO]    [PASS] Row count: 1179 rows
2026-06-05 16:35:55  [INFO]    [PASS] Schema check: All required columns present
2026-06-05 16:35:55  [INFO]    [PASS] No nulls in article_id
2026-06-05 16:35:55  [INFO]    [PASS] No nulls in brand
2026-06-05 16:35:55  [INFO]    [PASS] No nulls in title
2026-06-05 16:35:55  [INFO]    [PASS] No nulls in url
2026-06-05 16:35:55  [INFO]    [PASS] No nulls in published_at
2026-06-05 16:35:55  [INFO]    [PASS] No nulls in sentiment_label
2026-06-05 16:35:55  [WARNING]    [WARN] 428 duplicate URLs - removing
2026-06-05 16:35:55  [INFO]    Deduplicated. Remaining rows: 751
2026-06-05 16:35:55  [INFO]    [PASS] No duplicate article_ids
2026-06-05 16:35:55  [INFO]    [PASS] All compound scores within [-1.0, 1.0]
2026-06-05 16:35:55  [INFO]    [PASS] All sentiment labels valid
2026-06-05 16:35:55  [INFO]    [PASS] All 5 brands present
2026-06-05 16:35:55  [INFO]    [INFO] Date range: 2026-05-05 to 2026-06-04
2026-06-05 16:35:55  [INFO]  Validation complete. ALL CHECKS PASSED
2026-06-05 16:35:55  [INFO]  Sentiment breakdown:
2026-06-05 16:35:55  [INFO]    positive: 395 (52.6%)
2026-06-05 16:35:55  [INFO]    negative: 219 (29.2%)
2026-06-05 16:35:55  [INFO]    neutral: 137 (18.2%)
2026-06-05 16:35:55  [INFO]  ============================================================
2026-06-05 16:35:55  [INFO]  STAGE 4: DATABASE LOADING (INCREMENTAL)
2026-06-05 16:35:55  [INFO]  ============================================================
2026-06-05 16:35:56  [INFO]    Table tesla_sentiment.articles confirmed
2026-06-05 16:35:56  [INFO]    Existing articles in DB: 1134
2026-06-05 16:35:56  [INFO]    New articles to insert: 1
2026-06-05 16:35:56  [INFO]    Insert complete. Total rows in DB: 1135
2026-06-05 16:35:56  [INFO]    New rows added this run: 1
2026-06-05 16:35:56  [INFO]  ============================================================
2026-06-05 16:35:56  [INFO]  STAGE 5: ANALYTICS PREPARATION
2026-06-05 16:35:56  [INFO]  ============================================================
2026-06-05 16:35:57  [INFO]    brand_sentiment_summary: 5 rows written
2026-06-05 16:35:58  [INFO]    daily_sentiment_trend: 116 rows written
2026-06-05 16:35:58  [INFO]    Brand Sentiment Summary:
2026-06-05 16:35:58  [INFO]      Rivian | articles=72 | avg_sentiment=0.2396 | positive=62.5%
2026-06-05 16:35:58  [INFO]      BYD | articles=94 | avg_sentiment=0.1618 | positive=57.4%
2026-06-05 16:35:58  [INFO]      Hyundai | articles=126 | avg_sentiment=0.1594 | positive=51.6%
2026-06-05 16:35:58  [INFO]      Ford EV | articles=79 | avg_sentiment=0.1497 | positive=50.6%
2026-06-05 16:35:58  [INFO]      Tesla | articles=380 | avg_sentiment=0.0896 | positive=50.3%
2026-06-05 16:35:58  [INFO]  ============================================================
2026-06-05 16:35:58  [INFO]  PIPELINE COMPLETE - 12s elapsed
2026-06-05 16:35:58  [INFO]  Total articles processed: 751
2026-06-05 16:35:58  [INFO]  ============================================================
2026-06-05 16:44:00  [INFO]  ============================================================
2026-06-05 16:44:00  [INFO]  TESLA EV BRAND SENTIMENT ETL PIPELINE - START
2026-06-05 16:44:00  [INFO]  Run timestamp: 2026-06-05T20:44:00.401520+00:00
2026-06-05 16:44:00  [INFO]  ============================================================
2026-06-05 16:44:00  [INFO]  Initializing clients...
2026-06-05 16:44:00  [INFO]    NewsAPI client initialized
2026-06-05 16:44:00  [INFO]    Supabase engine initialized
2026-06-05 16:44:02  [INFO]    Supabase connection test: OK
2026-06-05 16:44:02  [INFO]  ============================================================
2026-06-05 16:44:02  [INFO]  STAGE 1: EXTRACTION
2026-06-05 16:44:02  [INFO]  ============================================================
2026-06-05 16:44:02  [INFO]  Fetching articles for brand: Tesla
2026-06-05 16:44:02  [INFO]    [Tesla electric car] -> 96 articles
2026-06-05 16:44:03  [INFO]    [Elon Musk] -> 93 articles
2026-06-05 16:44:03  [INFO]    [Tesla Model 3] -> 98 articles
2026-06-05 16:44:04  [INFO]    [Tesla Model Y] -> 95 articles
2026-06-05 16:44:04  [INFO]    [Tesla Cybertruck] -> 95 articles
2026-06-05 16:44:04  [INFO]  Fetching articles for brand: Hyundai
2026-06-05 16:44:05  [INFO]    [Hyundai Ioniq] -> 85 articles
2026-06-05 16:44:05  [INFO]    [Hyundai Ioniq 5] -> 72 articles
2026-06-05 16:44:05  [INFO]    [Hyundai EV] -> 98 articles
2026-06-05 16:44:05  [INFO]  Fetching articles for brand: Rivian
2026-06-05 16:44:06  [INFO]    [Rivian electric] -> 95 articles
2026-06-05 16:44:06  [INFO]    [Rivian R1T] -> 22 articles
2026-06-05 16:44:06  [INFO]    [Rivian R1S] -> 24 articles
2026-06-05 16:44:06  [INFO]  Fetching articles for brand: Ford EV
2026-06-05 16:44:07  [INFO]    [Ford Mustang Mach-E] -> 19 articles
2026-06-05 16:44:07  [INFO]    [Ford electric vehicle] -> 99 articles
2026-06-05 16:44:07  [INFO]  Fetching articles for brand: BYD
2026-06-05 16:44:08  [INFO]    [BYD electric car] -> 93 articles
2026-06-05 16:44:08  [INFO]    [BYD EV] -> 95 articles
2026-06-05 16:44:08  [INFO]  Extraction complete. Total raw articles: 1179
2026-06-05 16:44:08  [INFO]  ============================================================
2026-06-05 16:44:08  [INFO]  STAGE 2: TRANSFORMATION & CLEANING
2026-06-05 16:44:08  [INFO]  ============================================================
2026-06-05 16:44:08  [INFO]  Transformation complete. Clean articles: 1179
2026-06-05 16:44:08  [INFO]  ============================================================
2026-06-05 16:44:08  [INFO]  STAGE 3: DATA VALIDATION & QUALITY CHECKS
2026-06-05 16:44:08  [INFO]  ============================================================
2026-06-05 16:44:08  [INFO]    [PASS] Row count: 1179 rows
2026-06-05 16:44:08  [INFO]    [PASS] Schema check: All required columns present
2026-06-05 16:44:08  [INFO]    [PASS] No nulls in article_id
2026-06-05 16:44:08  [INFO]    [PASS] No nulls in brand
2026-06-05 16:44:08  [INFO]    [PASS] No nulls in title
2026-06-05 16:44:08  [INFO]    [PASS] No nulls in url
2026-06-05 16:44:08  [INFO]    [PASS] No nulls in published_at
2026-06-05 16:44:08  [INFO]    [PASS] No nulls in sentiment_label
2026-06-05 16:44:08  [WARNING]    [WARN] 428 duplicate URLs - removing
2026-06-05 16:44:08  [INFO]    Deduplicated. Remaining rows: 751
2026-06-05 16:44:08  [INFO]    [PASS] No duplicate article_ids
2026-06-05 16:44:08  [INFO]    [PASS] All compound scores within [-1.0, 1.0]
2026-06-05 16:44:08  [INFO]    [PASS] All sentiment labels valid
2026-06-05 16:44:08  [INFO]    [PASS] All 5 brands present
2026-06-05 16:44:08  [INFO]    [INFO] Date range: 2026-05-05 to 2026-06-04
2026-06-05 16:44:08  [INFO]  Validation complete. ALL CHECKS PASSED
2026-06-05 16:44:08  [INFO]  Sentiment breakdown:
2026-06-05 16:44:08  [INFO]    positive: 395 (52.6%)
2026-06-05 16:44:08  [INFO]    negative: 219 (29.2%)
2026-06-05 16:44:08  [INFO]    neutral: 137 (18.2%)
2026-06-05 16:44:08  [INFO]  ============================================================
2026-06-05 16:44:08  [INFO]  STAGE 4: DATABASE LOADING (INCREMENTAL)
2026-06-05 16:44:08  [INFO]  ============================================================
2026-06-05 16:44:09  [INFO]    Table tesla_sentiment.articles confirmed
2026-06-05 16:44:09  [INFO]    Existing articles in DB: 1135
2026-06-05 16:44:09  [INFO]    New articles to insert: 0
2026-06-05 16:44:09  [INFO]    No new articles - pipeline is up to date
2026-06-05 16:44:09  [INFO]  ============================================================
2026-06-05 16:44:09  [INFO]  STAGE 5: ANALYTICS PREPARATION
2026-06-05 16:44:09  [INFO]  ============================================================
2026-06-05 16:44:10  [INFO]    brand_sentiment_summary: 5 rows written
2026-06-05 16:44:10  [INFO]    daily_sentiment_trend: 116 rows written
2026-06-05 16:44:10  [INFO]    Brand Sentiment Summary:
2026-06-05 16:44:10  [INFO]      Rivian | articles=72 | avg_sentiment=0.2396 | positive=62.5%
2026-06-05 16:44:10  [INFO]      BYD | articles=94 | avg_sentiment=0.1618 | positive=57.4%
2026-06-05 16:44:10  [INFO]      Hyundai | articles=126 | avg_sentiment=0.1594 | positive=51.6%
2026-06-05 16:44:10  [INFO]      Ford EV | articles=79 | avg_sentiment=0.1497 | positive=50.6%
2026-06-05 16:44:10  [INFO]      Tesla | articles=380 | avg_sentiment=0.0896 | positive=50.3%
2026-06-05 16:44:10  [INFO]  ============================================================
2026-06-05 16:44:10  [INFO]  PIPELINE COMPLETE - 10s elapsed
2026-06-05 16:44:10  [INFO]  Total articles processed: 751
2026-06-05 16:44:10  [INFO]  ============================================================
2026-06-05 16:45:45  [INFO]  ============================================================
2026-06-05 16:45:45  [INFO]  TESLA EV BRAND SENTIMENT ETL PIPELINE - START
2026-06-05 16:45:45  [INFO]  Run timestamp: 2026-06-05T20:45:45.668927+00:00
2026-06-05 16:45:45  [INFO]  ============================================================
2026-06-05 16:45:45  [INFO]  Initializing clients...
2026-06-05 16:45:45  [INFO]    NewsAPI client initialized
2026-06-05 16:45:45  [INFO]    Supabase engine initialized
2026-06-05 16:45:46  [INFO]    Supabase connection test: OK
2026-06-05 16:45:46  [INFO]  ============================================================
2026-06-05 16:45:46  [INFO]  STAGE 1: EXTRACTION
2026-06-05 16:45:46  [INFO]  ============================================================
2026-06-05 16:45:46  [INFO]  Fetching articles for brand: Tesla
2026-06-05 16:45:46  [INFO]    [Tesla electric car] -> 96 articles
2026-06-05 16:45:46  [INFO]    [Elon Musk] -> 93 articles
2026-06-05 16:45:47  [INFO]    [Tesla Model 3] -> 98 articles
2026-06-05 16:45:47  [INFO]    [Tesla Model Y] -> 95 articles
2026-06-05 16:45:47  [INFO]    [Tesla Cybertruck] -> 95 articles
2026-06-05 16:45:47  [INFO]  Fetching articles for brand: Hyundai
2026-06-05 16:45:47  [INFO]    [Hyundai Ioniq] -> 85 articles
2026-06-05 16:45:47  [INFO]    [Hyundai Ioniq 5] -> 72 articles
2026-06-05 16:45:47  [INFO]    [Hyundai EV] -> 98 articles
2026-06-05 16:45:47  [INFO]  Fetching articles for brand: Rivian
2026-06-05 16:45:48  [INFO]    [Rivian electric] -> 95 articles
2026-06-05 16:45:48  [INFO]    [Rivian R1T] -> 22 articles
2026-06-05 16:45:48  [INFO]    [Rivian R1S] -> 24 articles
2026-06-05 16:45:48  [INFO]  Fetching articles for brand: Ford EV
2026-06-05 16:45:48  [INFO]    [Ford Mustang Mach-E] -> 19 articles
2026-06-05 16:45:48  [INFO]    [Ford electric vehicle] -> 99 articles
2026-06-05 16:45:48  [INFO]  Fetching articles for brand: BYD
2026-06-05 16:45:48  [INFO]    [BYD electric car] -> 93 articles
2026-06-05 16:45:49  [INFO]    [BYD EV] -> 95 articles
2026-06-05 16:45:49  [INFO]  Extraction complete. Total raw articles: 1179
2026-06-05 16:45:49  [INFO]  ============================================================
2026-06-05 16:45:49  [INFO]  STAGE 2: TRANSFORMATION & CLEANING
2026-06-05 16:45:49  [INFO]  ============================================================
2026-06-05 16:45:49  [INFO]  Transformation complete. Clean articles: 1179
2026-06-05 16:45:49  [INFO]  ============================================================
2026-06-05 16:45:49  [INFO]  STAGE 3: DATA VALIDATION & QUALITY CHECKS
2026-06-05 16:45:49  [INFO]  ============================================================
2026-06-05 16:45:49  [INFO]    [PASS] Row count: 1179 rows
2026-06-05 16:45:49  [INFO]    [PASS] Schema check: All required columns present
2026-06-05 16:45:49  [INFO]    [PASS] No nulls in article_id
2026-06-05 16:45:49  [INFO]    [PASS] No nulls in brand
2026-06-05 16:45:49  [INFO]    [PASS] No nulls in title
2026-06-05 16:45:49  [INFO]    [PASS] No nulls in url
2026-06-05 16:45:49  [INFO]    [PASS] No nulls in published_at
2026-06-05 16:45:49  [INFO]    [PASS] No nulls in sentiment_label
2026-06-05 16:45:49  [WARNING]    [WARN] 428 duplicate URLs - removing
2026-06-05 16:45:49  [INFO]    Deduplicated. Remaining rows: 751
2026-06-05 16:45:49  [INFO]    [PASS] No duplicate article_ids
2026-06-05 16:45:49  [INFO]    [PASS] All compound scores within [-1.0, 1.0]
2026-06-05 16:45:49  [INFO]    [PASS] All sentiment labels valid
2026-06-05 16:45:49  [INFO]    [PASS] All 5 brands present
2026-06-05 16:45:49  [INFO]    [INFO] Date range: 2026-05-05 to 2026-06-04
2026-06-05 16:45:49  [INFO]  Validation complete. ALL CHECKS PASSED
2026-06-05 16:45:49  [INFO]  Sentiment breakdown:
2026-06-05 16:45:49  [INFO]    positive: 395 (52.6%)
2026-06-05 16:45:49  [INFO]    negative: 219 (29.2%)
2026-06-05 16:45:49  [INFO]    neutral: 137 (18.2%)
2026-06-05 16:45:49  [INFO]  ============================================================
2026-06-05 16:45:49  [INFO]  STAGE 4: DATABASE LOADING (INCREMENTAL)
2026-06-05 16:45:49  [INFO]  ============================================================
2026-06-05 16:45:49  [INFO]    Table tesla_sentiment.articles confirmed
2026-06-05 16:45:49  [INFO]    Existing articles in DB: 1135
2026-06-05 16:45:49  [INFO]    New articles to insert: 0
2026-06-05 16:45:49  [INFO]    No new articles - pipeline is up to date
2026-06-05 16:45:49  [INFO]  ============================================================
2026-06-05 16:45:49  [INFO]  STAGE 5: ANALYTICS PREPARATION
2026-06-05 16:45:49  [INFO]  ============================================================
2026-06-05 16:45:50  [INFO]    brand_sentiment_summary: 5 rows written
2026-06-05 16:45:51  [INFO]    daily_sentiment_trend: 116 rows written
2026-06-05 16:45:51  [INFO]    Brand Sentiment Summary:
2026-06-05 16:45:51  [INFO]      Rivian | articles=72 | avg_sentiment=0.2396 | positive=62.5%
2026-06-05 16:45:51  [INFO]      BYD | articles=94 | avg_sentiment=0.1618 | positive=57.4%
2026-06-05 16:45:51  [INFO]      Hyundai | articles=126 | avg_sentiment=0.1594 | positive=51.6%
2026-06-05 16:45:51  [INFO]      Ford EV | articles=79 | avg_sentiment=0.1497 | positive=50.6%
2026-06-05 16:45:51  [INFO]      Tesla | articles=380 | avg_sentiment=0.0896 | positive=50.3%
2026-06-05 16:45:51  [INFO]  ============================================================
2026-06-05 16:45:51  [INFO]  PIPELINE COMPLETE - 5s elapsed
2026-06-05 16:45:51  [INFO]  Total articles processed: 751
2026-06-05 16:45:51  [INFO]  ============================================================
2026-06-05 18:29:51  [INFO]  ============================================================
2026-06-05 18:29:51  [INFO]  TESLA EV BRAND SENTIMENT ETL PIPELINE - START
2026-06-05 18:29:51  [INFO]  Run timestamp: 2026-06-05T22:29:51.197464+00:00
2026-06-05 18:29:51  [INFO]  ============================================================
2026-06-05 18:29:51  [INFO]  Initializing clients...
2026-06-05 18:29:51  [INFO]    NewsAPI client initialized
2026-06-05 18:29:51  [INFO]    Supabase engine initialized
2026-06-05 18:29:52  [INFO]    Supabase connection test: OK
2026-06-05 18:29:52  [INFO]  ============================================================
2026-06-05 18:29:52  [INFO]  STAGE 1: EXTRACTION
2026-06-05 18:29:52  [INFO]  ============================================================
2026-06-05 18:29:52  [INFO]  Fetching articles for brand: Tesla
2026-06-05 18:29:52  [INFO]    [Tesla electric car] -> 96 articles
2026-06-05 18:29:52  [INFO]    [Elon Musk] -> 94 articles
2026-06-05 18:29:53  [INFO]    [Tesla Model 3] -> 98 articles
2026-06-05 18:29:53  [INFO]    [Tesla Model Y] -> 95 articles
2026-06-05 18:29:54  [INFO]    [Tesla Cybertruck] -> 95 articles
2026-06-05 18:29:54  [INFO]  Fetching articles for brand: Hyundai
2026-06-05 18:29:55  [INFO]    [Hyundai Ioniq] -> 85 articles
2026-06-05 18:29:55  [INFO]    [Hyundai Ioniq 5] -> 72 articles
2026-06-05 18:29:56  [INFO]    [Hyundai EV] -> 98 articles
2026-06-05 18:29:56  [INFO]  Fetching articles for brand: Rivian
2026-06-05 18:29:56  [INFO]    [Rivian electric] -> 95 articles
2026-06-05 18:29:56  [INFO]    [Rivian R1T] -> 22 articles
2026-06-05 18:29:56  [INFO]    [Rivian R1S] -> 24 articles
2026-06-05 18:29:56  [INFO]  Fetching articles for brand: Ford EV
2026-06-05 18:29:57  [INFO]    [Ford Mustang Mach-E] -> 19 articles
2026-06-05 18:29:57  [INFO]    [Ford electric vehicle] -> 99 articles
2026-06-05 18:29:57  [INFO]  Fetching articles for brand: BYD
2026-06-05 18:29:58  [INFO]    [BYD electric car] -> 93 articles
2026-06-05 18:29:58  [INFO]    [BYD EV] -> 95 articles
2026-06-05 18:29:58  [INFO]  Extraction complete. Total raw articles: 1180
2026-06-05 18:29:58  [INFO]  ============================================================
2026-06-05 18:29:58  [INFO]  STAGE 2: TRANSFORMATION & CLEANING
2026-06-05 18:29:58  [INFO]  ============================================================
2026-06-05 18:29:58  [INFO]  Transformation complete. Clean articles: 1180
2026-06-05 18:29:58  [INFO]  ============================================================
2026-06-05 18:29:58  [INFO]  STAGE 3: DATA VALIDATION & QUALITY CHECKS
2026-06-05 18:29:58  [INFO]  ============================================================
2026-06-05 18:29:58  [INFO]    [PASS] Row count: 1180 rows
2026-06-05 18:29:58  [INFO]    [PASS] Schema check: All required columns present
2026-06-05 18:29:58  [INFO]    [PASS] No nulls in article_id
2026-06-05 18:29:58  [INFO]    [PASS] No nulls in brand
2026-06-05 18:29:58  [INFO]    [PASS] No nulls in title
2026-06-05 18:29:58  [INFO]    [PASS] No nulls in url
2026-06-05 18:29:58  [INFO]    [PASS] No nulls in published_at
2026-06-05 18:29:58  [INFO]    [PASS] No nulls in sentiment_label
2026-06-05 18:29:58  [WARNING]    [WARN] 427 duplicate URLs - removing
2026-06-05 18:29:58  [INFO]    Deduplicated. Remaining rows: 753
2026-06-05 18:29:58  [INFO]    [PASS] No duplicate article_ids
2026-06-05 18:29:58  [INFO]    [PASS] All compound scores within [-1.0, 1.0]
2026-06-05 18:29:58  [INFO]    [PASS] All sentiment labels valid
2026-06-05 18:29:58  [INFO]    [PASS] All 5 brands present
2026-06-05 18:29:58  [INFO]    [INFO] Date range: 2026-05-05 to 2026-06-04
2026-06-05 18:29:58  [INFO]  Validation complete. ALL CHECKS PASSED
2026-06-05 18:29:58  [INFO]  Sentiment breakdown:
2026-06-05 18:29:58  [INFO]    positive: 396 (52.6%)
2026-06-05 18:29:58  [INFO]    negative: 221 (29.3%)
2026-06-05 18:29:58  [INFO]    neutral: 136 (18.1%)
2026-06-05 18:29:58  [INFO]  ============================================================
2026-06-05 18:29:58  [INFO]  STAGE 4: DATABASE LOADING (INCREMENTAL)
2026-06-05 18:29:58  [INFO]  ============================================================
2026-06-05 18:29:59  [INFO]    Table tesla_sentiment.articles confirmed
2026-06-05 18:29:59  [INFO]    Existing articles in DB: 1135
2026-06-05 18:29:59  [INFO]    New articles to insert: 7
2026-06-05 18:29:59  [INFO]    Insert complete. Total rows in DB: 1142
2026-06-05 18:29:59  [INFO]    New rows added this run: 7
2026-06-05 18:29:59  [INFO]  ============================================================
2026-06-05 18:29:59  [INFO]  STAGE 5: ANALYTICS PREPARATION
2026-06-05 18:29:59  [INFO]  ============================================================
2026-06-05 18:30:00  [INFO]    brand_sentiment_summary: 5 rows written
2026-06-05 18:30:01  [INFO]    daily_sentiment_trend: 116 rows written
2026-06-05 18:30:01  [INFO]    Brand Sentiment Summary:
2026-06-05 18:30:01  [INFO]      Rivian | articles=72 | avg_sentiment=0.2396 | positive=62.5%
2026-06-05 18:30:01  [INFO]      BYD | articles=95 | avg_sentiment=0.1662 | positive=57.9%
2026-06-05 18:30:01  [INFO]      Hyundai | articles=126 | avg_sentiment=0.1594 | positive=51.6%
2026-06-05 18:30:01  [INFO]      Ford EV | articles=79 | avg_sentiment=0.1497 | positive=50.6%
2026-06-05 18:30:01  [INFO]      Tesla | articles=381 | avg_sentiment=0.0888 | positive=50.1%
2026-06-05 18:30:01  [INFO]  ============================================================
2026-06-05 18:30:01  [INFO]  PIPELINE COMPLETE - 10s elapsed
2026-06-05 18:30:01  [INFO]  Total articles processed: 753
2026-06-05 18:30:01  [INFO]  ============================================================
